Rank,Player ID,Player,Team,Position(s),ADP,Min Pick,Max Pick,Difference,# Picks,Team,Team Pick
1,9810,"Ohtani, Shohei",LAD,"UT, P",1.19,1,4,,1255,,
2,8956,"Judge, Aaron",NYY,OF,1.93,1,4,,1255,,
3,10932,"Witt Jr., Bobby",KC,SS,3.19,1,6,,1255,,
4,10030,"Soto, Juan",NYM,OF,4.26,1,8,,1255,,
5,8594,"Ramirez, Jose",CLE,3B,5.47,2,15,,1255,,
6,9775,"Acuna Jr., Ronald",ATL,OF,7.07,1,17,,1255,,
7,10711,"Skubal, Tarik",DET,P,7.32,2,21,,1255,,
8,11583,"De La Cruz, Elly",CIN,SS,8.89,3,16,,1255,,
9,10260,"Rodriguez, Julio",SEA,OF,9.62,4,17,,1255,,
10,11885,"Skenes, Paul",PIT,P,11.15,2,29,,1255,,
11,11025,"Carroll, Corbin",ARZ,OF,11.41,4,24,,1255,,
12,10900,"Crochet, Garrett",BOS,P,12.5,4,28,,1255,,
13,9948,"Tatis Jr., Fernando",SD,OF,14.14,5,23,,1255,,
14,11108,"Henderson, Gunnar",BAL,SS,14.27,6,25,,1255,,
15,9787,"Tucker, Kyle",LAD,OF,15.01,5,28,,1255,,
16,11875,"Caminero, Junior",TB,3B,15.44,6,24,,1255,,
17,10866,"Raleigh, Cal",SEA,C,17.42,4,36,,1255,,
18,9785,"Guerrero Jr., Vladimir",TOR,1B,18.44,8,31,,1255,,
19,12222,"Kurtz, Nick",ATH,1B,18.6,3,31,,1255,,
20,11738,"Chourio, Jackson",MLW,OF,20.25,11,30,,1255,,
21,10231,"Chisholm Jr., Jazz",NYY,"2B, 3B",20.66,2,32,,1255,,
22,8226,"Lindor, Francisco",NYM,SS,21.18,9,49,,1255,,
23,8940,"Schwarber, Kyle",PHI,UT,24.33,9,42,,1255,,
24,10312,"Alonso, Pete",BAL,1B,25.91,9,43,,1255,,
25,9132,"Turner, Trea",PHI,SS,26.75,13,45,,1255,,
26,11883,"Yamamoto, Yoshinobu",LAD,P,27.16,10,76,,1255,,
27,10770,"Sanchez, Cristopher",PHI,P,30.78,12,66,,1255,,
28,11741,"Neto, Zach",LAA,SS,30.96,17,102,,1255,,
29,11864,"Crow-Armstrong, Pete",CHC,OF,31.64,14,65,,1255,,
30,11750,"Wood, James",WAS,OF,33.2,16,67,,1255,,
31,9112,"Marte, Ketel",ARZ,2B,33.51,18,76,,1255,,
32,7891,"Machado, Manny",SD,3B,36.78,19,60,,1255,,
33,10367,"Alvarez, Yordan",HOU,UT,37.25,16,83,,1255,,
34,11787,"Miller, Mason",SD,P,37.75,12,124,,1255,,
35,9376,"Diaz, Edwin",LAD,P,38.33,14,116,,1255,,
36,11435,"Brown, Hunter",HOU,P,39,17,83,,1255,,
37,10712,"Gilbert, Logan",SEA,P,39.65,22,87,,1255,,
38,11800,"Woo, Bryan",SEA,P,41.76,16,83,,1255,,
39,7887,"Sale, Chris",ATL,P,43.03,14,97,,1255,,
40,11881,"Langford, Wyatt",TEX,OF,45.33,20,77,,1255,,
41,10134,"Munoz, Andres",SEA,P,45.52,17,128,,1255,,
42,7885,"Harper, Bryce",PHI,1B,47.17,22,71,,1255,,
43,10149,"Rooker, Brent",ATH,OF,47.6,17,82,,1255,,
44,8690,"Olson, Matt",ATL,1B,47.93,24,77,,1255,,
45,10239,"Duran, Jhoan",PHI,P,48.2,19,144,,1255,,
46,11982,"Smith, Cade",CLE,P,48.2,19,137,,1255,,
47,11911,"Rice, Ben",NYY,"C, 1B",52.28,13,95,,1255,,
48,10364,"Contreras, William",MLW,C,52.7,25,78,,1255,,
49,10845,"Langeliers, Shea",ATH,C,53.73,23,80,,1255,,
50,8784,"deGrom, Jacob",TEX,P,53.89,23,124,,1255,,
51,8638,"Betts, Mookie",LAD,SS,54.57,18,96,,1255,,
52,10151,"Turang, Brice",MLW,2B,54.67,26,102,,1255,,
53,9708,"Devers, Rafael",SF,1B,55.02,27,88,,1255,,
54,11948,"Anthony, Roman",BOS,OF,55.17,23,87,,1255,,
55,8704,"Fried, Max",NYY,P,56,31,105,,1255,,
56,10166,"Ragans, Cole",KC,P,56.04,25,120,,1255,,
57,11045,"Abrams, CJ",WAS,SS,59.6,31,91,,1255,,
58,10480,"Webb, Logan",SF,P,59.88,32,104,,1255,,
59,9915,"Peralta, Freddy",NYM,P,63.94,30,139,,1255,,
60,10255,"Naylor, Josh",SEA,1B,64.01,21,102,,1255,,
61,7793,"Freeman, Freddie",LAD,1B,64.37,25,93,,1255,,
62,11848,"Goodman, Hunter",COL,C,65.36,32,96,,1255,,
63,9821,"Riley, Austin",ATL,3B,66.6,35,98,,1255,,
64,10681,"Bednar, David",NYY,P,67.22,28,186,,1255,,
65,7709,"Chapman, Aroldis",BOS,P,68.48,27,187,,1255,,
66,11891,"Merrill, Jackson",SD,OF,68.69,22,101,,1255,,
67,10824,"Duran, Jarren",BOS,OF,70.71,20,104,,1255,,
68,10874,"Kirby, George",SEA,P,71.79,43,139,,1255,,
69,11387,"Garcia, Maikel",KC,3B,71.99,25,132,,1255,,
70,10665,"Williams, Devin",NYM,P,73.4,31,233,,1255,,
71,10822,"Greene, Riley",DET,OF,73.45,31,105,,1255,,
72,8674,"Buxton, Byron",MIN,OF,73.86,33,113,,1255,,
73,10786,"Ryan, Joe",MIN,P,76.53,28,157,,1255,,
74,10397,"Perdomo, Geraldo",ARZ,SS,76.67,30,123,,1255,,
75,9649,"Bellinger, Cody",NYY,OF,77.74,32,120,,1255,,
76,11985,"Ramirez, Agustin",MIA,C,79.6,42,121,,1255,,
77,11415,"Pasquantino, Vinnie",KC,1B,79.61,37,118,,1255,,
78,10191,"Cease, Dylan",TOR,P,80.29,44,141,,1255,,
79,10235,"Luzardo, Jesus",PHI,P,81.58,46,146,,1255,,
80,11099,"Bradish, Kyle",BAL,P,82.43,51,149,,1255,,
81,12203,"Baldwin, Drake",ATL,C,83.47,43,139,,1255,,
82,11071,"Soderstrom, Tyler",ATH,"OF, 1B",85.57,13,125,,1255,,
83,10671,"Arozarena, Randy",SEA,OF,88.89,40,126,,1255,,
84,8134,"Perez, Salvador",KC,"C, 1B",91.02,31,134,,1255,,
85,10083,"Valdez, Framber",DET,P,91.76,56,148,,1255,,
86,11305,"Suzuki, Seiya",CHC,OF,92.95,39,193,,1255,,
87,11591,"Perez, Eury",MIA,P,93.01,41,189,,1255,,
88,8433,"Springer, George",TOR,OF,95.37,31,153,,1255,,
89,9492,"Hader, Josh",HOU,P,95.75,33,378,,1255,,
90,9820,"Bichette, Bo",NYM,SS,95.91,48,162,,1255,,
91,10305,"Cruz, Oneil",PIT,OF,96.28,25,143,,1255,,
92,8668,"Seager, Corey",TEX,SS,96.3,29,154,,1255,,
93,10363,"Smith, Will",LAD,C,97.12,49,153,,1255,,
94,9570,"Pivetta, Nick",SD,P,97.75,43,150,,1255,,
95,11309,"Pena, Jeremy",HOU,SS,98.41,33,226,,1255,,
96,11065,"Harris II, Michael",ATL,OF,98.95,56,130,,1255,,
97,10302,"Hoerner, Nico",CHC,2B,100.41,46,155,,1255,,
98,12443,"McLean, Nolan",NYM,P,100.57,12,190,,1255,,
99,8805,"Suarez, Eugenio",CIN,3B,102.1,35,177,,1255,,
100,10216,"Greene, Hunter",CIN,P,104.29,17,494,,1187,,
101,8658,"Story, Trevor",BOS,SS,105.15,36,171,,1255,,
102,8981,"Iglesias, Raisel",ATL,P,105.22,42,263,,1255,,
103,11048,"Busch, Michael",CHC,1B,105.89,54,176,,1255,,
104,10321,"Helsley, Ryan",BAL,P,106,34,312,,1255,,
105,9294,"Estevez, Carlos",KC,P,106.5,41,330,,1255,,
106,11559,"Diaz, Yainer",HOU,C,110.16,61,156,,1255,,
107,11300,"Strider, Spencer",ATL,P,110.83,54,207,,1255,,
108,8116,"Altuve, Jose",HOU,"OF, 2B",111.01,46,163,,1255,,
109,9415,"Bregman, Alex",CHC,3B,112.95,39,176,,1255,,
110,9328,"Snell, Blake",LAD,P,117.97,38,292,,1255,,
111,9958,"Robert Jr., Luis",NYM,OF,117.97,61,171,,1255,,
112,8427,"Gausman, Kevin",TOR,P,120.31,80,176,,1255,,
113,12193,"Burns, Chase",CIN,P,120.44,56,246,,1255,,
114,7903,"Yelich, Christian",MLW,UT,122.1,44,196,,1255,,
115,10241,"Adell, Jo",LAA,OF,123.01,48,201,,1255,,
116,8971,"Adames, Willy",SF,SS,123.59,71,192,,1255,,
117,8975,"Hoffman, Jeff",TOR,P,124.45,47,305,,1255,,
118,9428,"Hernandez, Teoscar",LAD,OF,126.22,53,179,,1255,,
119,11414,"Stowers, Kyle",MIA,OF,126.81,70,192,,1255,,
120,8700,"Glasnow, Tyler",LAD,P,127.05,65,257,,1255,,
121,11628,"Rafaela, Ceddanne",BOS,"2B, OF",129.49,61,237,,1255,,
122,11682,"Pages, Andy",LAD,OF,129.93,72,186,,1255,,
123,9639,"Diaz, Yandy",TB,1B,130.05,60,214,,1255,,
124,12228,"Keaschall, Luke",MIN,2B,130.07,43,197,,1255,,
125,11894,"Misiorowski, Jacob",MLW,P,131.75,75,249,,1255,,
126,10634,"Fairbanks, Pete",MIA,P,132.31,60,320,,1255,,
127,9678,"Woodruff, Brandon",MLW,P,132.35,42,251,,1255,,
128,8546,"Gray, Sonny",BOS,P,133.97,79,232,,1255,,
129,10964,"Lodolo, Nick",CIN,P,134.23,91,234,,1255,,
130,9652,"Pagan, Emilio",CIN,P,134.47,46,344,,1255,,
131,11821,"Palencia, Daniel",CHC,P,134.51,59,334,,1255,,
132,10419,"Marte, Noelvi",CIN,"OF, 3B",135.11,53,234,,1255,,
133,11811,"Sheehan, Emmet",LAD,P,136.62,73,263,,1255,,
134,12361,"Schlittler, Cam",NYY,P,137.31,50,257,,1255,,
135,8235,"Wheeler, Zack",PHI,P,138.79,34,344,,1255,,
136,8955,"Nimmo, Brandon",TEX,OF,139.33,76,195,,1255,,
137,11059,"Pepiot, Ryan",TB,P,139.48,85,232,,1255,,
138,10289,"King, Michael",SD,P,139.64,77,245,,1255,,
139,9432,"Swanson, Dansby",CHC,SS,142.21,89,197,,1255,,
140,11939,"Marsee, Jakob",MIA,OF,142.52,50,211,,1255,,
141,10804,"Megill, Trevor",MLW,P,143.76,49,369,,1255,,
142,7931,"Jansen, Kenley",DET,P,144.36,61,352,,1255,,
143,10704,"Rutschman, Adley",BAL,C,145.92,52,217,,1255,,
144,11649,"Butler, Lawrence",ATH,OF,148.53,83,221,,1255,,
145,10076,"Ward, Taylor",BAL,OF,149.25,71,201,,1255,,
146,10851,"Kirk, Alejandro",TOR,C,153.62,81,229,,1255,,
147,9754,"Alcantara, Sandy",MIA,P,154.77,93,221,,1255,,
148,11590,"Williams, Gavin",CLE,P,155.17,81,259,,1255,,
149,8130,"Eovaldi, Nathan",TEX,P,155.19,56,259,,1255,,
150,9721,"Albies, Ozzie",ATL,2B,155.29,66,224,,1255,,
151,10807,"Rasmussen, Drew",TB,P,156.5,93,261,,1255,,
152,9683,"Chapman, Matt",SF,3B,159.29,64,239,,1255,,
153,11315,"Kwan, Steven",CLE,OF,161.61,83,213,,1255,,
154,11653,"Doyle, Brenton",COL,OF,162.19,89,227,,1255,,
155,11751,"Holliday, Jackson",BAL,2B,162.39,75,281,,1255,,
156,10220,"Herrera, Ivan",STL,UT,163.6,74,292,,1255,,
157,12035,"Chandler, Bubba",PIT,P,163.97,91,268,,1255,,
158,12463,"Yesavage, Trey",TOR,P,164.61,103,305,,1255,,
159,8775,"Ray, Robbie",SF,P,166,78,248,,1255,,
160,10351,"Rogers, Trevor",BAL,P,166.93,26,264,,1255,,
161,9917,"Santana, Dennis",PIT,P,167.09,57,376,,1255,,
162,11922,"Crews, Dylan",WAS,OF,168.64,85,381,,1254,,
163,12039,"Basallo, Samuel",BAL,C,168.83,65,234,,1255,,
164,9506,"Castillo, Luis",SEA,P,168.89,95,256,,1255,,
165,12212,"Simpson, Chandler",TB,OF,168.98,79,276,,1255,,
166,11118,"Alvarez, Francisco",NYM,C,169.98,79,233,,1255,,
167,10068,"Lowe, Brandon",PIT,2B,171.13,75,261,,1255,,
168,11421,"Burleson, Alec",STL,"1B, OF",172.57,88,289,,1255,,
169,12127,"Wilson, Jacob",ATH,SS,172.95,63,274,,1255,,
170,11117,"Moreno, Gabriel",ARZ,C,173.44,92,270,,1255,,
171,9655,"Happ, Ian",CHC,OF,174.07,90,248,,1255,,
172,12471,"Imai, Tatsuya",HOU,P,174.49,77,389,,1255,,
173,11884,"Imanaga, Shota",CHC,P,174.76,75,261,,1255,,
174,10365,"Edwards, Xavier",MIA,"2B, SS",174.9,102,271,,1255,,
175,11664,"Uribe, Abner",MLW,P,175.62,76,398,,1255,,
176,9263,"Contreras, Willson",BOS,1B,177.15,93,280,,1255,,
177,11086,"Stott, Bryson",PHI,2B,180.76,99,254,,1255,,
178,7689,"Trout, Mike",LAA,OF,181.79,37,266,,1255,,
179,10831,"Torkelson, Spencer",DET,1B,182.43,105,245,,1255,,
180,11394,"Aranda, Jonathan",TB,1B,184.3,90,257,,1255,,
181,9840,"Suarez, Ranger",BOS,P,186.03,92,257,,1255,,
182,11794,"Walker, Ryan",SF,P,187.07,92,413,,1255,,
183,12456,"Jensen, Carter",KC,C,187.1,71,306,,1255,,
184,11596,"Barger, Addison",TOR,"3B, OF",187.8,76,296,,1255,,
185,10319,"Lewis, Royce",MIN,3B,187.91,94,260,,1255,,
186,12469,"Griffin, Konnor",PIT,SS,188.42,59,376,,1242,,
187,11901,"Teel, Kyle",CWS,C,189.32,90,353,,1249,,
188,11595,"Bibee, Tanner",CLE,P,189.4,104,260,,1255,,
189,9973,"Gore, MacKenzie",TEX,P,189.88,110,280,,1255,,
190,8924,"Walker, Christian",HOU,1B,194.01,110,272,,1255,,
191,10721,"Cabrera, Edward",CHC,P,194.13,107,297,,1255,,
192,11613,"McLain, Matt",CIN,2B,194.18,55,292,,1255,,
193,11407,"Suarez, Robert",ATL,P,195.08,37,434,,1250,,
194,12453,"Stewart, Sal",CIN,1B,195.11,97,300,,1255,,
195,10153,"Reynolds, Bryan",PIT,OF,195.12,123,258,,1255,,
196,10180,"Varsho, Daulton",TOR,OF,196.09,113,266,,1255,,
197,11886,"Horton, Cade",CHC,P,196.85,109,297,,1255,,
198,11346,"Tovar, Ezequiel",COL,SS,197.28,91,301,,1255,,
199,12211,"Caglianone, Jac",KC,OF,200.71,83,300,,1255,,
200,11581,"Frelick, Sal",MLW,OF,201.31,106,306,,1255,,
201,10331,"Baz, Shane",BAL,P,202.54,118,289,,1255,,
202,8800,"Realmuto, J.T.",PHI,C,203,80,272,,1255,,
203,12364,"Lile, Daylen",WAS,OF,204.75,107,316,,1255,,
204,8942,"Rodon, Carlos",NYY,P,205.28,49,404,,1255,,
205,12351,"Murakami, Munetaka",CWS,3B,206.77,86,343,,1254,,
206,11218,"Jax, Griffin",TB,P,207.23,88,441,,1253,,
207,11786,"Caballero, Jose",NYY,"OF, 2B, 3B, SS",209.22,90,332,,1255,,
208,10218,"Paredes, Isaac",HOU,3B,209.48,83,322,,1255,,
209,10213,"Ramos, Heliot",SF,OF,211.12,131,285,,1255,,
210,8961,"Nola, Aaron",PHI,P,212.33,124,277,,1255,,
211,8832,"Polanco, Jorge",NYM,2B,213.54,109,319,,1255,,
212,10933,"Bubic, Kris",KC,P,213.97,118,305,,1254,,
213,11610,"Westburg, Jordan",BAL,3B,214.31,71,585,,1139,,
214,10422,"Lopez, Otto",MIA,"SS, 2B",215.32,130,305,,1255,,
215,9919,"Laureano, Ramon",SD,OF,217.84,99,329,,1255,,
216,11892,"Montgomery, Colson",CWS,SS,220.55,37,328,,1255,,
217,11709,"Abreu, Wilyer",BOS,OF,220.65,129,307,,1255,,
218,9750,"Flaherty, Jack",DET,P,223.69,126,295,,1255,,
219,11802,"Abbott, Andrew",CIN,P,223.88,128,295,,1255,,
220,11530,"Carpenter, Kerry",DET,OF,224.12,124,295,,1255,,
221,9944,"Gallen, Zac",ARZ,P,225.39,114,299,,1255,,
222,10920,"Dingler, Dillon",DET,C,225.45,127,358,,1252,,
223,11599,"Wells, Austin",NYY,C,225.87,109,360,,1253,,
224,9964,"Garcia, Adolis",PHI,OF,226.07,99,328,,1255,,
225,8417,"Bogaerts, Xander",SD,SS,227.56,122,307,,1255,,
226,12084,"Beck, Jordan",COL,OF,228.48,170,314,,1255,,
227,9087,"Boyd, Matthew",CHC,P,229.52,75,297,,1255,,
228,10332,"McClanahan, Shane",TB,P,230.89,108,376,,1253,,
229,10279,"Garcia Jr., Luis",WAS,2B,233.66,141,340,,1255,,
230,12204,"Durbin, Caleb",BOS,3B,234.46,121,325,,1255,,
231,9778,"Torres, Gleyber",DET,2B,235.13,129,324,,1254,,
232,12490,"Okamoto, Kazuma",TOR,3B,235.34,74,590,,1228,,
233,11600,"Manzardo, Kyle",CLE,1B,237.95,130,319,,1254,,
234,11075,"O'Hoppe, Logan",LAA,C,239.04,130,328,,1253,,
235,10038,"Bieber, Shane",TOR,P,239.91,91,448,,1205,,
236,8691,"Muncy, Max",LAD,3B,241.05,134,337,,1254,,
237,8228,"Profar, Jurickson",ATL,OF,242.08,87,571,,996,,
238,9784,"Moniak, Mickey",COL,OF,243.02,132,318,,1255,,
239,8602,"Semien, Marcus",NYM,2B,243.05,149,361,,1255,,
240,10381,"Abreu, Bryan",HOU,P,243.7,111,470,,1244,,
241,10125,"Bohm, Alec",PHI,3B,247.09,103,359,,1255,,
242,10658,"Grisham, Trent",NYY,OF,247.48,117,354,,1255,,
243,10358,"Stephenson, Tyler",CIN,C,248.7,158,360,,1250,,
244,11327,"Leiter, Jack",TEX,P,249.64,184,338,,1253,,
245,12302,"Wetherholt, JJ",STL,SS,249.75,122,391,,1222,,
246,9248,"Musgrove, Joe",SD,P,250.61,170,420,,1239,,
247,7789,"Stanton, Giancarlo",NYY,OF,250.74,133,353,,1255,,
248,11609,"Cowser, Colton",BAL,OF,250.96,175,333,,1255,,
249,10506,"Kelly, Merrill",ARZ,P,251.11,155,380,,1254,,
250,11940,"Sasaki, Roki",LAD,P,253.59,71,454,,1253,,
251,10946,"Jeffers, Ryan",MIN,C,255.82,124,405,,1245,,
252,11749,"Dominguez, Jasson",NYY,OF,258.59,121,458,,1241,,
253,11636,"Miller, Bryce",SEA,P,259.56,133,435,,1245,,
254,10224,"Burger, Jake",TEX,1B,260.38,123,366,,1249,,
255,10344,"Friedl, TJ",CIN,OF,261.6,184,360,,1255,,
256,8656,"Correa, Carlos",HOU,"3B, SS",262.11,160,347,,1253,,
257,10481,"Arraez, Luis",SF,1B,262.76,85,409,,1250,,
258,12459,"Early, Connelly",BOS,P,263.67,143,495,,1248,,
259,11921,"Shaw, Matt",CHC,3B,263.79,89,465,,1244,,
260,11326,"Nelson, Ryne",ARZ,P,266.08,162,356,,1255,,
261,11556,"Steer, Spencer",CIN,1B,266.43,143,386,,1243,,
262,8231,"Cole, Gerrit",NYY,P,269.42,126,506,,1234,,
263,12305,"Smith, Shane",CWS,P,269.47,158,397,,1249,,
264,11123,"Baty, Brett",NYM,"2B, 3B",270.86,166,382,,1251,,
265,11357,"Donovan, Brendan",SEA,2B,271.01,155,361,,1242,,
266,12201,"Cameron, Noah",KC,P,272.49,167,398,,1251,,
267,9824,"O'Hearn, Ryan",PIT,"1B, OF",273.45,140,412,,1248,,
268,10254,"Lowe, Josh",LAA,OF,273.62,206,400,,1250,,
269,10899,"Winn, Masyn",STL,SS,274.61,169,374,,1241,,
270,10159,"Mize, Casey",DET,P,275.34,178,380,,1253,,
271,12470,"McGonigle, Kevin",DET,SS,277.88,114,474,,1221,,
272,10417,"Vargas, Miguel",CWS,"1B, 3B",280.44,89,392,,1241,,
273,12096,"Schwellenbach, Spencer",ATL,P,281.08,55,719,,957,,
274,10788,"Vaughn, Andrew",MLW,1B,283.65,173,381,,1235,,
275,11182,"Senga, Kodai",NYM,P,284.07,74,378,,1213,,
276,10925,"Clement, Ernie",TOR,"2B, 3B, SS",284.82,168,395,,1229,,
277,11162,"O'Brien, Riley",STL,P,286.09,172,532,,1221,,
278,10325,"Weathers, Ryan",NYY,P,287.39,185,415,,1166,,
279,9876,"Lopez, Pablo",MIN,P,289.04,63,577,,662,,
280,10401,"Cantillo, Joey",CLE,P,289.07,199,405,,1238,,
281,11903,"Lee, Jung Hoo",SF,OF,289.58,204,373,,1235,,
282,11999,"Ashcraft, Braxton",PIT,P,291.59,173,430,,1180,,
283,11753,"Carter, Evan",TEX,OF,292.51,153,390,,1218,,
284,12303,"Crawford, Justin",PHI,OF,292.79,81,550,,1209,,
285,11823,"Garcia, Robert",TEX,P,295.2,29,639,,1192,,
286,10207,"Rodriguez, Grayson",LAA,P,296.58,199,478,,1209,,
287,12238,"Henderson, Logan",MLW,P,297.64,151,489,,1209,,
288,11501,"Sosa, Lenyn",CWS,"1B, 2B",299.84,96,450,,1181,,
289,12012,"Narvaez, Carlos",BOS,C,300.54,198,393,,1189,,
290,8666,"Manaea, Sean",NYM,P,304.29,220,491,,1195,,
291,11919,"DeLauter, Chase",CLE,OF,305.09,202,491,,1222,,
292,11131,"Priester, Quinn",MLW,P,305.1,195,565,,1152,,
293,9856,"Castro, Willi",COL,"2B, 3B, OF",305.11,135,499,,1109,,
294,10774,"Ponce, Cody",TOR,P,305.98,183,646,,1177,,
295,9838,"Dominguez, Seranthony",CWS,P,306.75,88,748,,1050,,
296,11619,"Burrows, Mike",HOU,P,308.83,142,599,,1157,,
297,10072,"Mullins, Cedric",TB,OF,309.52,220,413,,1218,,
298,11825,"Keith, Colt",DET,"2B, 3B",310.47,186,412,,1163,,
299,10133,"Gimenez, Andres",TOR,2B,312.24,183,431,,1186,,
300,11159,"Ober, Bailey",MIN,P,314.14,195,488,,1163,,
301,11576,"Wallner, Matt",MIN,OF,314.55,204,446,,1196,,
302,12215,"Messick, Parker",CLE,P,316.58,173,449,,1200,,
303,12148,"Matthews, Zebby",MIN,P,317.15,172,479,,1180,,
304,10282,"Vientos, Mark",NYM,3B,321.72,118,520,,1128,,
305,11060,"Uceta, Edwin",TB,P,323.07,155,591,,1101,,
306,8478,"Ozuna, Marcell",PIT,UT,323.11,154,470,,1186,,
307,10145,"Singer, Brady",CIN,P,324.32,219,455,,1176,,
308,12226,"Beavers, Dylan",BAL,OF,324.8,226,453,,1173,,
309,11439,"Lawlar, Jordan",ARZ,3B,325.93,172,505,,1154,,
310,11898,"Warren, Will",NYY,P,327.25,215,448,,1192,,
311,11844,"Schanuel, Nolan",LAA,1B,327.41,190,445,,1120,,
312,11186,"Vest, Will",DET,P,328.43,94,582,,1084,,
313,12191,"Quero, Edgar",CWS,C,329.72,99,462,,1137,,
314,11740,"Lee, Brooks",MIN,"2B, 3B, SS",330.22,206,450,,1094,,
315,9452,"Kelly, Carson",CHC,C,330.59,192,440,,1101,,
316,7886,"Taillon, Jameson",CHC,P,332.17,188,487,,1158,,
317,9710,"Bader, Harrison",SF,OF,332.69,223,531,,1136,,
318,11585,"Painter, Andrew",PHI,P,333.07,157,472,,1134,,
319,11947,"Scott II, Victor",STL,OF,333.39,209,527,,1175,,
320,11362,"Bello, Brayan",BOS,P,334.77,212,463,,1151,,
321,11187,"Soriano, Jose",LAA,P,335.57,206,465,,1133,,
322,9993,"McKinstry, Zach",DET,"3B, SS, OF",336.06,191,430,,1096,,
323,12331,"Smith, Cam",HOU,OF,336.63,171,479,,1154,,
324,10143,"Naylor, Bo",CLE,C,337.08,90,469,,1087,,
325,11441,"Smith, Josh",TEX,"1B, 3B, SS",340.2,182,417,,1057,,
326,12259,"Patrick, Chad",MLW,P,341.3,236,519,,1130,,
327,9555,"Holmes, Clay",NYM,P,343.36,236,476,,1126,,
328,10980,"Jung, Josh",TEX,3B,343.39,195,558,,1079,,
329,9599,"Santander, Anthony",TOR,OF,346.46,99,750,,889,,
330,11420,"Seymour, Ian",TB,P,348.3,199,546,,1108,,
331,10915,"Detmers, Reid",LAA,P,350.17,225,504,,1137,,
332,11907,"Snelling, Robby",MIA,P,350.48,70,550,,1067,,
333,10569,"Edman, Tommy",LAD,"2B, OF",350.95,210,505,,1045,,
334,11778,"Canzone, Dominic",SEA,OF,353.15,250,516,,1078,,
335,12227,"Meidroth, Chase",CWS,"2B, SS",355.15,233,481,,1011,,
336,12359,"Taylor, Grant",CWS,P,355.52,201,584,,1062,,
337,10236,"Sanchez, Jesus",TOR,OF,356.13,232,491,,1055,,
338,10061,"McNeil, Jeff",ATH,"2B, OF",356.57,197,594,,1032,,
339,10885,"Walker, Jordan",STL,OF,356.64,243,558,,1104,,
340,9742,"Mahle, Tyler",SF,P,356.91,201,551,,1104,,
341,12480,"Benge, Carson",NYM,OF,357.48,142,604,,1099,,
342,9410,"Lopez, Reynaldo",ATL,P,359.41,190,624,,1106,,
343,10971,"Cavalli, Cade",WAS,P,360.48,233,521,,1091,,
344,10792,"Finnegan, Kyle",DET,P,361.43,106,590,,995,,
345,10438,"Kikuchi, Yusei",LAA,P,361.49,134,486,,1067,,
346,10760,"Gil, Luis",NYY,P,361.62,226,477,,1107,,
347,9799,"Keller, Mitch",PIT,P,361.78,208,488,,1034,,
348,8879,"Bassitt, Chris",BAL,P,363.23,225,510,,1073,,
349,9312,"Lugo, Seth",KC,P,366.44,240,487,,1072,,
350,11887,"Waldrep, Hurston",ATL,P,366.46,153,744,,924,,
351,11325,"Volpe, Anthony",NYY,SS,367.38,217,497,,997,,
352,8221,"Castellanos, Nick",SD,OF,367.4,188,560,,1056,,
353,12430,"Melton, Troy",DET,P,367.8,195,737,,950,,
354,10248,"India, Jonathan",KC,"OF, 3B, 2B",369.39,105,534,,976,,
355,8808,"Yates, Kirby",LAA,P,369.62,129,708,,1046,,
356,10181,"Peterson, David",NYM,P,369.86,199,502,,1051,,
357,8962,"Bell, Josh",MIN,1B,370.84,246,552,,963,,
358,10146,"Marsh, Brandon",PHI,OF,374.29,212,490,,982,,
359,11106,"Beeter, Clayton",WAS,P,374.62,187,726,,1053,,
360,8426,"Wacha, Michael",KC,P,375.2,220,485,,1003,,
361,11147,"Kim, Ha-Seong",ATL,SS,375.36,180,583,,938,,
362,11841,"Lopez, Jacob",ATH,P,380.17,243,503,,1047,,
363,10832,"Meyer, Max",MIA,P,380.33,231,571,,1055,,
364,12179,"Collins, Isaac",KC,OF,380.77,258,496,,982,,
365,12028,"Leasure, Jordan",CWS,P,380.87,134,613,,935,,
366,12202,"Eldridge, Bryce",SF,UT,380.96,184,511,,971,,
367,9763,"Hays, Austin",CWS,OF,381.14,161,521,,965,,
368,9765,"Robles, Victor",SEA,OF,381.53,179,585,,979,,
369,11934,"Mayer, Marcelo",BOS,3B,382.31,172,524,,935,,
370,10335,"Woods Richardson, Simeon",MIN,P,384.04,282,532,,1007,,
371,11861,"Vodnik, Victor",COL,P,384.81,155,573,,998,,
372,12344,"Tong, Jonah",NYM,P,385.49,178,544,,898,,
373,11434,"Horwitz, Spencer",PIT,1B,388.02,252,514,,914,,
374,10204,"Sheets, Gavin",SD,OF,389.46,268,495,,932,,
375,12217,"Ballesteros, Moises",CHC,UT,390.7,222,522,,929,,
376,12067,"Mangum, Jake",PIT,OF,391.28,208,575,,959,,
377,11603,"Norby, Connor",MIA,3B,391.57,230,535,,945,,
378,10717,"Javier, Cristian",HOU,P,391.78,223,517,,1022,,
379,10477,"Steele, Justin",CHC,P,392,185,504,,940,,
380,12050,"Caissie, Owen",MIA,OF,392.41,228,560,,969,,
381,11553,"Estrada, Jeremiah",SD,P,392.8,217,592,,965,,
382,8223,"Arenado, Nolan",ARZ,3B,393,167,529,,941,,
383,9789,"O'Neill, Tyler",BAL,OF,394.87,236,517,,980,,
384,11586,"Pfaadt, Brandon",ARZ,P,397.1,247,529,,946,,
385,9262,"Caratini, Victor",MIN,C,398.47,223,601,,923,,
386,9772,"Scott, Tanner",LAD,P,400.42,143,615,,875,,
387,8694,"Crawford, J.P.",SEA,SS,400.5,152,564,,870,,
388,11594,"Olson, Reese",DET,P,400.94,206,749,,750,,
389,9609,"Rengifo, Luis",MLW,"2B, 3B",401.95,265,557,,938,,
390,11514,"Fermin, Freddy",SD,C,403.49,252,587,,932,,
391,11342,"Clemens, Kody",MIN,"OF, 2B, 1B",403.96,141,555,,886,,
392,8331,"Soler, Jorge",LAA,OF,404.22,193,543,,925,,
393,11889,"Mayo, Coby",BAL,1B,405.02,193,604,,976,,
394,10327,"Murphy, Sean",ATL,C,405.14,222,548,,914,,
395,9379,"Eflin, Zach",BAL,P,405.36,241,575,,995,,
396,11614,"Acuna, Luisangel",CWS,2B,405.62,205,750,,936,,
397,8650,"Stephenson, Robert",LAA,P,406.67,191,733,,861,,
398,10528,"Romero, JoJo",STL,P,406.78,153,624,,961,,
399,12452,"Tolle, Payton",BOS,P,407.48,202,565,,864,,
400,11937,"Ford, Harry",WAS,C,408.4,206,600,,910,,
401,10263,"Ruiz, Keibert",WAS,C,408.62,235,563,,871,,
402,10303,"Gorman, Nolan",STL,"3B, 2B",409.11,240,601,,925,,
403,10766,"Cronenworth, Jake",SD,2B,409.49,223,539,,877,,
404,11588,"Bradley, Taj",MIN,P,410.4,264,568,,976,,
405,9225,"Rogers, Taylor",MIN,P,411.6,200,745,,750,,
406,8724,"Giolito, Lucas",BOS,P,412.03,220,599,,883,,
407,9726,"McMahon, Ryan",NYY,3B,412.09,268,504,,871,,
408,11668,"Triolo, Jared",PIT,"1B, 3B, SS",412.11,265,558,,856,,
409,11225,"Nootbaar, Lars",STL,OF,415.78,263,557,,852,,
410,10287,"Liberatore, Matthew",STL,P,416.16,231,576,,962,,
411,10626,"Yastrzemski, Mike",ATL,OF,416.92,249,571,,918,,
412,9417,"Benintendi, Andrew",CWS,OF,417.28,257,530,,883,,
413,10350,"Larnach, Trevor",MIN,OF,418.56,279,563,,857,,
414,12010,"Nunez, Nasim",WAS,SS,419.92,263,639,,881,,
415,11893,"Jones, Jared",PIT,P,420.95,274,584,,803,,
416,10189,"May, Dustin",STL,P,421.44,227,623,,991,,
417,10769,"Cleavinger, Garrett",TB,P,421.76,210,718,,932,,
418,11102,"Bailey, Patrick",SF,C,421.99,233,588,,858,,
419,11625,"Ortiz, Joey",MLW,SS,422.46,272,556,,850,,
420,11632,"Abel, Mick",MIN,P,424.01,240,599,,984,,
421,11836,"Cecconi, Slade",CLE,P,424.41,253,565,,916,,
422,10892,"Oviedo, Johan",BOS,P,425.85,243,618,,963,,
423,10067,"Springs, Jeffrey",ATH,P,426.96,245,572,,870,,
424,11371,"Henriquez, Ronny",MIA,P,428.74,198,750,,388,,
425,12097,"Sterner, Justin",ATH,P,429.3,236,748,,879,,
426,11190,"Whitlock, Garrett",BOS,P,429.31,258,591,,898,,
427,12434,"Morales, Luis",ATH,P,429.48,228,603,,842,,
428,11634,"Roupp, Landen",SF,P,429.71,288,538,,879,,
429,10307,"Meadows, Parker",DET,OF,430.57,269,598,,802,,
430,9860,"Littell, Zack",WAS,P,430.66,252,598,,867,,
431,10290,"Amaya, Miguel",CHC,C,431.78,270,615,,853,,
432,9795,"Jansen, Danny",TEX,C,432.4,231,620,,845,,
433,12479,"Emerson, Colt",SEA,SS,432.44,282,604,,802,,
434,10347,"Santillan, Tony",CIN,P,433.19,181,637,,812,,
435,10355,"Casas, Triston",BOS,1B,435.1,213,623,,784,,
436,12190,"Rushing, Dalton",LAD,C,435.11,218,574,,802,,
437,10147,"Garrett, Braxton",MIA,P,435.16,271,732,,929,,
438,12020,"Arrighetti, Spencer",HOU,P,435.66,254,664,,865,,
439,12241,"Clarke, Denzel",ATH,OF,435.91,269,599,,822,,
440,12472,"Miller, Aidan",PHI,SS,436.06,264,644,,728,,
441,10226,"McCarthy, Jake",COL,OF,436.78,261,748,,877,,
442,10468,"Holmes, Grant",ATL,P,437.61,225,683,,960,,
443,10446,"Thomas, Lane",KC,OF,438.4,207,572,,852,,
444,12195,"Campbell, Kristian",BOS,2B,438.66,196,602,,785,,
445,9791,"Soroka, Michael",ARZ,P,438.67,302,589,,837,,
446,8643,"Baez, Javier",DET,"3B, SS, OF",438.72,265,563,,828,,
447,10434,"Perez, Wenceel",DET,OF,439.89,253,587,,810,,
448,8958,"Severino, Luis",ATH,P,440.11,275,589,,896,,
449,12194,"Moore, Christian",LAA,2B,440.23,293,720,,781,,
450,12478,"White, Thomas",MIA,P,440.49,238,598,,769,,
451,12266,"Svanson, Matt",STL,P,442.73,239,733,,832,,
452,11276,"Gonzalez, Romy",BOS,"1B, 2B",443.9,196,750,,766,,
453,10999,"Meyers, Jake",HOU,OF,445.36,279,596,,805,,
454,9642,"Sewald, Paul",ARZ,P,445.4,245,750,,557,,
455,10183,"Kremer, Dean",BAL,P,445.83,245,595,,827,,
456,11105,"Doval, Camilo",NYY,P,446.56,236,602,,794,,
457,8951,"Berrios, Jose",TOR,P,448.19,276,736,,836,,
458,9475,"Gurriel Jr., Lourdes",ARZ,OF,448.62,202,744,,854,,
459,10123,"Morejon, Adrian",SD,P,449.14,210,681,,809,,
460,9430,"Weaver, Luke",NYM,P,449.58,257,630,,779,,
461,10379,"Rocchio, Brayan",CLE,"2B, SS",449.78,299,599,,774,,
462,9802,"Dubon, Mauricio",ATL,"2B, 3B, SS, OF",450.19,290,688,,809,,
463,12024,"Williams, Carson",TB,SS,450.74,274,615,,771,,
464,11477,"Hicklen, Brewer",PHI,OF,450.8,205,205,,1,,
465,9753,"Machado, Andres",WAS,P,450.82,228,228,,1,,
466,11227,"Megill, Tylor",NYM,P,450.83,143,655,,4,,
467,10790,"Abbott, Cory",WAS,P,450.89,313,313,,1,,
468,10138,"Allen, Austin",ATH,C,450.91,340,340,,1,,
469,8297,"Smith, Will",KC,P,450.96,352,498,,2,,
470,11683,"Simpson, Josh",SEA,P,450.96,403,403,,1,,
471,12402,"Winkler, Jack",MIA,2B,451,446,446,,1,,
472,12482,"Mack, Joe",MIA,C,451,123,612,,747,,
473,7150,"Kershaw, Clayton",LAD,P,451.01,167,725,,6,,
474,11236,"Wilson, Jacob",HOU,UT,451.03,493,493,,1,,
475,11569,"Liberato, Luis",SD,OF,451.03,483,483,,1,,
476,12409,"Robertson, Will",BAL,OF,451.03,484,484,,1,,
477,7183,"Carrasco, Carlos",ATL,P,451.04,507,507,,1,,
478,11303,"Severino, Anderson",CWS,P,451.05,511,511,,1,,
479,11812,"Hudson, Bryan",NYM,P,451.05,519,519,,1,,
480,8630,"Sims, Lucas",WAS,P,451.06,521,521,,1,,
481,9329,"Edwards Jr., Carl",TEX,P,451.07,538,538,,1,,
482,10410,"Oviedo, Luis",CLE,P,451.07,545,545,,1,,
483,11392,"Marinaccio, Ron",SD,P,451.07,544,544,,1,,
484,11480,"Swarmer, Matt",CHC,P,451.07,533,533,,1,,
485,8225,"Rendon, Anthony",LAA,3B,451.08,553,553,,1,,
486,8294,"Solano, Donovan",TEX,1B,451.08,555,555,,1,,
487,8890,"Strickland, Hunter",LAA,P,451.08,555,555,,1,,
488,11851,"McCoy, Mason",SD,SS,451.08,549,549,,1,,
489,12324,"Ferris, Jackson",LAD,P,451.09,564,564,,1,,
490,9253,"Garrett, Amir",LAA,P,451.1,580,580,,1,,
491,9781,"Rodgers, Brendan",HOU,2B,451.1,485,537,,2,,
492,10339,"Trammell, Taylor",HOU,OF,451.1,579,579,,1,,
493,10881,"Rodriguez, Julio",STL,C,451.1,576,576,,1,,
494,11598,"Graceffo, Gordon",STL,P,451.1,572,572,,1,,
495,12636,"Janek, Walker",HOU,C,451.1,406,599,,4,,
496,8079,"LeMahieu, DJ",NYY,2B,451.11,296,743,,2,,
497,8526,"Dickerson, Corey",WAS,OF,451.11,583,583,,1,,
498,9392,"Stewart, Brock",LAD,P,451.11,595,595,,1,,
499,9733,"Curtiss, John",ARZ,P,451.11,584,584,,1,,
500,10292,"Siani, Michael",LAD,OF,451.11,594,594,,1,,
501,11618,"Cedeno, Leandro",SD,1B,451.11,592,592,,1,,
502,12399,"Hiraldo, Yaramil",BAL,P,451.11,592,592,,1,,
503,12641,"Burke, Blake",MLW,1B,451.11,594,594,,1,,
504,8864,"May, Trevor",ATH,P,451.12,597,597,,1,,
505,12532,"Franco, Jose",CIN,P,451.12,600,600,,1,,
506,8653,"Gray, Jon",TEX,P,451.13,617,617,,1,,
507,9523,"Andujar, Miguel",SD,"3B, OF",451.13,270,628,,818,,
508,10276,"Allen, Logan",ARZ,P,451.14,624,624,,1,,
509,10442,"Webb, Jacob",CHC,P,451.14,628,628,,1,,
510,9833,"Beeks, Jalen",TEX,P,451.16,656,656,,1,,
511,11144,"Marsh, Alec",KC,P,451.16,653,653,,1,,
512,11238,"Eder, Jake",WAS,P,451.16,650,650,,1,,
513,12239,"Sisk, Evan",PIT,P,451.16,646,646,,1,,
514,9239,"Leclerc, Jose",ATH,P,451.17,668,668,,1,,
515,9589,"Milner, Hoby",CHC,P,451.17,663,663,,1,,
516,10228,"Westbrook, Jamie",BOS,2B,451.17,666,666,,1,,
517,10474,"Anderson, Nick",COL,P,451.17,667,667,,1,,
518,10678,"Garcia, Rico",BAL,P,451.17,667,667,,1,,
519,11141,"Johnson, Seth",PHI,P,451.17,548,564,,2,,
520,12507,"Miyagi, Hiroya",FA,P,451.17,669,669,,1,,
521,9783,"Meadows, Austin",DET,OF,451.18,523,605,,2,,
522,12334,"Grissom Jr., Marquis",WAS,P,451.18,673,673,,1,,
523,8222,"Sano, Miguel",LAA,3B,451.19,693,693,,1,,
524,9457,"Williams, Trevor",WAS,P,451.19,685,685,,1,,
525,11774,"Smith-Shawver, AJ",ATL,P,451.19,469,570,,3,,
526,12157,"Kavadas, Niko",LAA,1B,451.19,692,692,,1,,
527,12638,"Gastelum, Luis",STL,P,451.19,684,684,,1,,
528,10129,"Canario, Alexander",PIT,OF,451.2,697,697,,1,,
529,10750,"Hendrix, Ryan",ARZ,P,451.2,698,698,,1,,
530,11640,"Taylor, Samad",SEA,OF,451.2,705,705,,1,,
531,11765,"Dodd, Dylan",ATL,P,451.2,697,697,,1,,
532,12447,"Brown, McCade",COL,P,451.2,707,707,,1,,
533,8670,"Heaney, Andrew",LAD,P,451.21,716,716,,1,,
534,10952,"Gray, Tristan",MIN,2B,451.21,720,720,,1,,
535,11993,"Church, Marc",TEX,P,451.21,709,709,,1,,
536,12117,"Bellozo, Valente",MIA,P,451.21,711,711,,1,,
537,12154,"McCray, Grant",SF,OF,451.21,717,717,,1,,
538,12383,"Schultz, Paxton",WAS,P,451.21,717,717,,1,,
539,8931,"Drury, Brandon",LAA,2B,451.22,724,724,,1,,
540,8944,"Wall, Forrest",BAL,OF,451.22,728,728,,1,,
541,9197,"Gamel, Ben",HOU,OF,451.22,727,727,,1,,
542,9448,"Peralta, Wandy",SD,P,451.22,725,725,,1,,
543,10849,"Shuster, Jared",ATH,P,451.22,726,726,,1,,
544,11339,"Bride, Jonah",MIN,3B,451.22,723,723,,1,,
545,11915,"Rodriguez, Carlos",MLW,P,451.22,726,726,,1,,
546,11928,"Matsui, Yuki",SD,P,451.22,730,730,,1,,
547,11991,"Curet, Yoniel",PHI,P,451.22,721,721,,1,,
548,12102,"Otanez, Michel",TEX,P,451.22,728,728,,1,,
549,12139,"Misner, Kameron",KC,OF,451.22,726,726,,1,,
550,12153,"Ribalta, Orlando",WAS,P,451.22,728,728,,1,,
551,12230,"Rosario, Alejandro",TEX,P,451.22,728,728,,1,,
552,12596,"Furman, Nate",SF,2B,451.22,728,728,,1,,
553,8007,"Wilson, Justin",BOS,P,451.23,737,737,,1,,
554,8644,"Bryant, Kris",COL,UT,451.23,743,743,,1,,
555,9776,"Senzel, Nick",CWS,3B,451.23,742,742,,1,,
556,10047,"Smith, Drew",NYM,P,451.23,450,740,,2,,
557,10160,"Biggio, Cavan",KC,OF,451.23,745,745,,1,,
558,10297,"Madrigal, Nick",NYM,3B,451.23,740,740,,1,,
559,10301,"Lopez, Nicky",CHC,3B,451.23,743,743,,1,,
560,10360,"Franco, Wander",TB,UT,451.23,741,741,,1,,
561,10700,"Karinchak, James",CLE,P,451.23,744,744,,1,,
562,10919,"Thompson, Keegan",COL,P,451.23,737,737,,1,,
563,11656,"Clase, Jonatan",TOR,OF,451.23,745,745,,1,,
564,11768,"Wisely, Brett",ATL,2B,451.23,736,736,,1,,
565,11819,"Mederos, Victor",LAA,P,451.23,738,738,,1,,
566,11860,"De Jesus, Enmanuel",DET,P,451.23,738,738,,1,,
567,11918,"Madden, Ty",DET,P,451.23,737,737,,1,,
568,12267,"Cabrera, Jean",PHI,P,451.23,592,594,,2,,
569,12349,"Barnett, Mason",ATH,P,451.23,737,737,,1,,
570,12356,"Elko, Tim",CWS,1B,451.23,735,735,,1,,
571,12587,"Mautz, Brycen",STL,P,451.23,743,743,,1,,
572,12616,"Scarborough, Caden",TEX,P,451.23,738,738,,1,,
573,12627,"Watson, Will",NYM,P,451.23,743,743,,1,,
574,9217,"Fulmer, Michael",CHC,P,451.24,747,747,,1,,
575,9959,"Quantrill, Cal",ATL,P,451.24,750,750,,1,,
576,10188,"Waters, Drew",KC,OF,451.24,748,748,,1,,
577,11493,"Bird, Jake",NYY,P,451.24,750,750,,1,,
578,11731,"Varland, Gus",WAS,P,451.24,318,717,,3,,
579,12640,"Honeycutt, Vance",BAL,OF,451.24,390,727,,5,,
580,10670,"Rojas, Josh",CWS,"2B, 3B",451.25,559,663,,2,,
581,12382,"Gibson, Cade",MIA,P,451.25,564,647,,2,,
582,11646,"Munoz, Roddery",HOU,P,451.26,495,732,,2,,
583,9987,"Brujan, Vidal",NYM,3B,451.27,588,656,,2,,
584,12646,"Fischer, Andrew",MLW,3B,451.27,496,748,,2,,
585,12585,"Gray, Peyton",TEX,P,451.29,592,680,,2,,
586,8866,"Taylor, Michael A.",CWS,OF,451.3,589,684,,2,,
587,8969,"Arroyo, Christian",BOS,2B,451.3,573,703,,2,,
588,9361,"Green, Chad",TOR,P,451.3,570,709,,2,,
589,9980,"Hill, Tim",NYY,P,451.31,587,706,,2,,
590,12198,"Sproat, Brandon",MLW,P,451.31,286,670,,830,,
591,9757,"Verdugo, Alex",ATL,OF,451.33,585,736,,2,,
592,12140,"Bachar, Lake",MIA,P,451.33,587,733,,2,,
593,12457,"Harris, Hayden",ATL,P,451.33,531,701,,3,,
594,10963,"Fairchild, Stuart",TB,OF,451.34,595,738,,2,,
595,11909,"McDermott, Chayce",BAL,P,451.34,590,744,,2,,
596,8669,"Urias, Julio",LAD,P,451.35,599,739,,2,,
597,10448,"Clarke, Taylor",ARZ,P,451.36,512,705,,3,,
598,10759,"Hart, Kyle",SD,P,451.36,616,744,,2,,
599,12629,"Sirota, Mike",LAD,OF,451.36,481,702,,4,,
600,10778,"Rodriguez, Manuel",TB,P,451.37,656,705,,2,,
601,9537,"Farmer, Kyle",COL,2B,451.38,681,697,,2,,
602,10585,"Weissert, Greg",BOS,P,451.38,517,738,,3,,
603,11142,"Callihan, Tyler",PIT,OF,451.38,664,716,,2,,
604,12002,"Spence, Mitch",KC,P,451.38,644,740,,2,,
605,10977,"Rutledge, Jackson",WAS,P,451.39,681,709,,2,,
606,11612,"Loftin, Nick",KC,OF,451.39,676,717,,2,,
607,11665,"Barrosa, Jorge",ARZ,OF,451.39,675,711,,2,,
608,12069,"Gordon, Colton",HOU,P,451.39,467,745,,3,,
609,12645,"Ewing, AJ",NYM,OF,451.39,648,739,,2,,
610,12558,"Liranzo, Thayron",DET,C,451.4,699,705,,2,,
611,8716,"Jackson, Luke",SEA,P,451.41,484,661,,4,,
612,9805,"Wisdom, Patrick",CHC,1B,451.41,544,608,,4,,
613,11078,"MacIver, Willie",TEX,C,451.41,704,712,,2,,
614,12504,"Thomas, Jared",COL,2B,451.41,674,738,,2,,
615,11198,"Leon, Pedro",PHI,OF,451.42,695,740,,2,,
616,11796,"Bachman, Sam",LAA,P,451.42,449,732,,3,,
617,12446,"Sommers, Drew",DET,P,451.42,678,745,,2,,
618,12531,"Nunez, Anthony",BAL,P,451.42,706,727,,2,,
619,11247,"De La Cruz, Bryan",NYY,OF,451.43,706,738,,2,,
620,11716,"France, J.P.",HOU,P,451.43,711,733,,2,,
621,12515,"Milbrandt, Karson",MIA,P,451.43,703,734,,2,,
622,11635,"Berroa, Prelander",CWS,P,451.44,725,730,,2,,
623,12633,"Hicks, James",HOU,P,451.44,707,741,,2,,
624,10324,"Vilade, Ryan",TB,OF,451.45,722,740,,2,,
625,10352,"Beck, Tristan",SF,P,451.45,729,743,,2,,
626,11388,"Bowlan, Jonathan",PHI,P,451.45,723,749,,2,,
627,11422,"Waldichuk, Ken",WAS,P,451.45,726,740,,2,,
628,11888,"Black, Mason",KC,P,451.45,592,736,,3,,
629,9777,"Kingery, Scott",LAA,2B,451.46,736,743,,2,,
630,9967,"Solak, Nick",PIT,1B,451.46,548,724,,3,,
631,11626,"Valdez, Enmanuel",PIT,1B,451.46,733,743,,2,,
632,12182,"Walters, Andrew",CLE,P,451.46,732,749,,2,,
633,12339,"Schreck, RJ",TOR,OF,451.46,742,743,,2,,
634,12541,"Martorella, Nathan",MIA,1B,451.46,729,746,,2,,
635,11914,"Romo, Drew",CWS,C,451.47,403,708,,4,,
636,12365,"Cijntje, Jurrangelo",SEA,P,451.47,500,731,,4,,
637,7760,"Kimbrel, Craig",HOU,P,451.48,506,720,,4,,
638,10001,"Toro, Abraham",BOS,1B,451.48,521,744,,3,,
639,12270,"Lugo, Matthew",LAA,OF,451.48,589,688,,3,,
640,12555,"Fernandez, Jose",ARZ,SS,451.49,596,692,,3,,
641,11393,"Rodriguez, Randy",SF,P,451.51,424,733,,5,,
642,12612,"King, Seaver",FA,SS,451.52,536,743,,3,,
643,10007,"McCormick, Chas",HOU,OF,451.53,633,695,,3,,
644,10113,"Berti, Jon",CHC,3B,451.53,595,714,,3,,
645,12234,"Eeles, Payton",MIN,SS,451.54,563,735,,3,,
646,12533,"Groover, LuJames",ARZ,3B,451.54,640,736,,3,,
647,8699,"McGuire, Reese",CHC,C,451.55,571,750,,3,,
648,12322,"Kang, Baek-Ho",FA,C,451.55,457,744,,5,,
649,10840,"Mesa Jr., Victor",TB,OF,451.56,590,732,,3,,
650,11380,"Gillaspie, Logan",SD,P,451.57,516,737,,4,,
651,11966,"Blalock, Bradley",MIA,P,451.58,658,713,,3,,
652,12455,"Farris, Mitch",LAA,P,451.58,605,743,,3,,
653,12539,"Fedko, Kyler",MIN,OF,451.6,645,744,,3,,
654,10326,"Hentges, Sam",SF,P,451.61,670,732,,3,,
655,10714,"Hill, Derek",CWS,OF,451.62,696,734,,3,,
656,10190,"Carlson, Dylan",BAL,OF,451.63,659,743,,3,,
657,12442,"Seymour, Bob",TB,1B,451.63,669,738,,3,,
658,8431,"Hedges, Austin",CLE,C,451.64,667,745,,3,,
659,9869,"Perez, Cionel",BAL,P,451.64,677,748,,3,,
660,10483,"Burke, Brock",CIN,P,451.64,688,743,,3,,
661,11842,"Meckler, Wade",LAA,OF,451.65,554,732,,4,,
662,12004,"Fernandez, Ryan",STL,P,451.65,712,736,,3,,
663,12620,"Duno, Alfredo",CIN,C,451.65,588,719,,4,,
664,11062,"Lange, Alex",KC,P,451.66,560,745,,4,,
665,12042,"Harris, Brett",ATH,3B,451.66,698,745,,3,,
666,11294,"Moreta, Dauri",PIT,P,451.69,725,750,,3,,
667,10470,"Suarez, Jose",ATL,P,451.7,598,748,,4,,
668,12285,"Raya, Marco",MIN,P,451.7,737,746,,3,,
669,12432,"Ohl, Pierson",COL,P,451.7,735,749,,3,,
670,12548,"Bidois, Brandan",PIT,P,451.7,575,743,,4,,
671,10280,"Medina, Luis",ATH,P,451.71,481,746,,5,,
672,11096,"Peguero, Liover",PIT,SS,451.73,647,724,,4,,
673,10487,"Sborz, Josh",TEX,P,451.74,425,743,,5,,
674,12106,"Bivens, Spencer",SF,P,451.74,583,747,,4,,
675,7683,"Miller, Shelby",CHC,P,451.75,311,740,,6,,
676,12643,"Bonemer, Caleb",CWS,SS,451.75,632,739,,4,,
677,12149,"Gasper, Mickey",BOS,C,451.77,521,665,,7,,
678,12380,"Morillo, Juan",ARZ,P,451.78,586,742,,4,,
679,12642,"Cauley, Cameron",TEX,SS,451.78,595,745,,4,,
680,11318,"Rangel, Alan",PHI,P,451.79,676,738,,4,,
681,12589,"Lopez, Leandro",TEX,P,451.79,436,741,,5,,
682,11726,"Englert, Mason",TB,P,451.81,684,738,,4,,
683,10661,"Clase, Emmanuel",CLE,P,451.82,84,725,,82,,
684,11868,"Boyle, Joe",TB,P,451.82,206,630,,781,,
685,12630,"Sinnard, Luke",ATL,P,451.82,692,739,,4,,
686,11573,"Young, Jared",NYM,UT,451.84,655,747,,4,,
687,12429,"Garcia, Brandyn",ARZ,P,451.84,574,726,,5,,
688,11849,"Millas, Drew",WAS,C,451.85,701,739,,4,,
689,12421,"Nunez, Eduarniel",ATH,P,451.85,671,745,,4,,
690,12560,"Cruz, Trei",DET,SS,451.85,448,750,,5,,
691,10677,"Brown, Seth",ATH,OF,451.86,620,725,,5,,
692,12543,"Bennett, Jake",BOS,P,451.86,653,747,,4,,
693,9578,"Blackburn, Paul",NYY,P,451.87,635,712,,5,,
694,12524,"Nichols, TJ",TB,P,451.87,721,725,,4,,
695,12593,"Forret, Michael",BAL,P,451.88,703,746,,4,,
696,11406,"Wiemer, Joey",WAS,OF,451.89,577,742,,5,,
697,11815,"Waldron, Matt",SD,P,451.89,697,747,,4,,
698,12275,"Halpin, Petey",CLE,OF,451.9,589,730,,5,,
699,6918,"Morton, Charlie",ATL,P,451.91,396,744,,11,,
700,12563,"Watson, Kahlil",CLE,OF,451.92,593,740,,5,,
701,12138,"Sogard, Nick",BOS,1B,451.93,580,746,,5,,
702,8736,"Kahnle, Tommy",DET,P,451.94,195,740,,12,,
703,12581,"Keegan, Dom",TB,C,451.95,505,734,,6,,
704,10152,"Graterol, Brusdar",LAD,P,451.96,408,743,,6,,
705,12286,"Mey, Luis",CIN,P,451.96,579,732,,5,,
706,10420,"Martinez, Orelvis",TOR,2B,451.97,632,747,,5,,
707,12125,"Diaz, Yilber",ARZ,P,451.98,669,741,,5,,
708,12242,"Escarra, J.C.",NYY,C,451.99,552,718,,6,,
709,12526,"Neighbors, Tyson",BAL,P,451.99,558,744,,6,,
710,11447,"Blanco, Ronel",HOU,P,452,546,736,,7,,
711,12048,"Hill, Jaden",COL,P,452.01,573,749,,5,,
712,10662,"Ginkel, Kevin",ARZ,P,452.02,247,750,,755,,
713,12609,"Alberto, Alexander",TB,P,452.02,462,740,,7,,
714,10060,"Festa, Matt",CLE,P,452.04,391,730,,7,,
715,12494,"Bernal, Leonardo",STL,C,452.04,321,747,,8,,
716,9210,"Clevinger, Mike",CWS,P,452.05,279,749,,9,,
717,12123,"Gordon, Tanner",COL,P,452.05,486,730,,7,,
718,11068,"Houck, Tanner",BOS,P,452.06,487,706,,10,,
719,11526,"Johnson, Bryce",SD,OF,452.07,687,739,,5,,
720,10267,"Robinson, Kristian",ARZ,OF,452.08,645,746,,5,,
721,12223,"Young, Brandon",BAL,P,452.13,607,741,,6,,
722,12509,"Santucci, Jonathan",NYM,P,452.13,725,743,,5,,
723,12269,"Hoglund, Gunnar",ATH,P,452.14,563,719,,7,,
724,12256,"Rock, Joe",TB,P,452.16,587,745,,6,,
725,11869,"Nicolas, Kyle",CIN,P,452.17,559,745,,6,,
726,9153,"Diaz, Elias",SD,C,452.19,617,742,,6,,
727,10346,"Gonsolin, Tony",LAD,P,452.19,401,748,,9,,
728,11578,"Brennan, Will",SF,OF,452.19,651,728,,6,,
729,7384,"Robertson, David",PHI,P,452.21,582,734,,7,,
730,8647,"Winker, Jesse",NYM,UT,452.21,606,742,,6,,
731,12513,"Genao, Angel",CLE,SS,452.21,641,733,,6,,
732,11781,"Salazar, Cesar",HOU,C,452.23,658,744,,6,,
733,11391,"Cabrera, Oswaldo",NYY,3B,452.24,444,747,,8,,
734,10608,"Helman, Michael",TEX,OF,452.25,546,741,,7,,
735,12551,"Urena, Walbert",LAA,P,452.25,497,744,,8,,
736,8494,"Thielbar, Caleb",CHC,P,452.27,589,747,,7,,
737,10343,"Ornelas, Tirso",SD,OF,452.27,687,748,,6,,
738,10850,"Adams, Riley",WAS,C,452.27,574,734,,7,,
739,12291,"Santos, Winston",TEX,P,452.29,471,749,,8,,
740,12639,"White , Tommy",ATH,3B,452.29,358,745,,11,,
741,11896,"Thorpe, Drew",CWS,P,452.32,619,748,,7,,
742,12510,"Hess, Ben",NYY,P,452.33,542,738,,7,,
743,11643,"Rojas, Johan",PHI,OF,452.35,585,721,,7,,
744,12390,"Thomas, Rhylan",SEA,OF,452.37,533,735,,8,,
745,11270,"Criswell, Cooper",SEA,P,452.38,611,746,,7,,
746,9635,"Phillips, Evan",LAD,P,452.39,634,738,,7,,
747,11127,"Foley, Jason",SF,P,452.39,436,747,,9,,
748,9563,"Banda, Anthony",MIN,P,452.4,484,750,,8,,
749,12306,"Sandlin, David",CWS,P,452.4,629,750,,7,,
750,12387,"Morgan, David",SD,P,452.42,555,737,,9,,
751,11582,"Mervis, Matt",WAS,1B,452.43,635,744,,7,,
752,12474,"Isaac, Xavier",TB,UT,452.43,515,734,,10,,
753,12298,"Ullola, Miguel",HOU,P,452.44,687,727,,7,,
754,7867,"Iglesias, Jose",SD,"SS, 2B, 3B",452.45,593,737,,8,,
755,8452,"Pressly, Ryan",CHC,P,452.46,403,737,,12,,
756,11951,"Triantos, James",CHC,2B,452.49,683,746,,7,,
757,12078,"Cannon, Jonathan",CWS,P,452.49,563,750,,9,,
758,11658,"Ramos, Bryan",BAL,3B,452.5,574,748,,8,,
759,11689,"Headrick, Brent",NYY,P,452.51,698,747,,7,,
760,11171,"Falter, Bailey",KC,P,452.53,564,744,,8,,
761,11897,"Jobe, Jackson",DET,P,452.57,461,737,,12,,
762,11936,"Takahashi, Kona",FA,P,452.57,526,748,,10,,
763,12610,"Wood, Gage",PHI,P,452.58,541,750,,8,,
764,9886,"Alzolay, Adbert",CHC,P,452.6,726,748,,7,,
765,12151,"Wagner, Will",SD,3B,452.63,649,749,,8,,
766,12081,"Rivas, Leo",SEA,2B,452.64,625,743,,8,,
767,12187,"Gusto, Ryan",MIA,P,452.64,568,747,,8,,
768,10903,"Sousa, Bennett",HOU,P,452.67,482,739,,12,,
769,11617,"Malloy, Justyn-Henry",TB,OF,452.67,547,742,,10,,
770,12405,"Rodriguez, Bradgley",SD,P,452.68,335,750,,10,,
771,11113,"Hinds, Rece",CIN,OF,452.7,347,741,,14,,
772,12545,"Glasser, Phillip",WAS,OF,452.71,671,740,,8,,
773,12621,"Davidson, Bo",SF,OF,452.74,575,750,,9,,
774,11058,"Knack, Landon",LAD,P,452.76,655,739,,9,,
775,12283,"Seymour, Carson",SF,P,452.76,437,748,,12,,
776,12635,"Sloan, Ryan",SEA,P,452.78,497,723,,12,,
777,12205,"Morris, Andrew",MIN,P,452.79,598,747,,9,,
778,12156,"Whitcomb, Shay",HOU,2B,452.8,619,748,,9,,
779,12523,"Carrigg, Cole",COL,OF,452.8,573,738,,10,,
780,11967,"Kochanowicz, Jack",LAA,P,452.82,614,749,,9,,
781,12520,"Franklin, Christian",WAS,OF,452.87,567,750,,9,,
782,12568,"Rojas, Kendry",MIN,P,452.91,554,747,,10,,
783,8210,"Darvish, Yu",SD,P,452.93,357,747,,29,,
784,9461,"Mancini, Trey",CHC,1B,452.93,532,746,,10,,
785,12615,"De Leon, Luis",BAL,P,452.94,572,746,,10,,
786,8841,"Hendricks, Kyle",LAA,P,452.95,467,741,,15,,
787,12462,"Guzman, Denzer",LAA,SS,452.98,567,735,,11,,
788,12371,"Braun, Lucas",ATL,P,453.02,595,745,,11,,
789,12534,"Ward, Braiden",COL,OF,453.04,409,745,,18,,
790,9107,"Anderson, Tyler",LAA,P,453.05,545,736,,12,,
791,11969,"Herz, DJ",WAS,P,453.1,597,742,,11,,
792,12370,"Koss, Christian",SF,2B,453.14,635,750,,11,,
793,12499,"Lambert, Ryan",NYM,P,453.15,503,749,,13,,
794,8363,"Raley, Brooks",NYM,P,453.18,447,748,,15,,
795,11515,"Eaton, Nate",BOS,OF,453.19,453,743,,15,,
796,9907,"Siri, Jose",NYM,OF,453.22,515,750,,11,,
797,11536,"Nardi, Andrew",MIA,P,453.22,534,749,,14,,
798,10271,"Wade Jr., LaMonte",LAA,"OF, 1B",453.24,579,749,,12,,
799,11382,"Noel, Jhonkensy",BAL,OF,453.32,391,745,,18,,
800,12582,"Areinamo, Jadher",TB,SS,453.34,567,745,,12,,
801,10910,"Mears, Nick",KC,P,453.45,551,742,,14,,
802,12600,"Paez, Jedixson",CWS,P,453.48,439,747,,15,,
803,8963,"Jackson, Alex",MIN,C,453.49,454,750,,14,,
804,9666,"DeJong, Paul",WAS,3B,453.52,530,744,,15,,
805,12559,"Valencia, Eduardo",DET,C,453.54,678,750,,12,,
806,9525,"Enns, Dietrich",BAL,P,453.56,596,749,,13,,
807,12141,"Hurter, Brant",DET,P,453.65,552,750,,14,,
808,9974,"Kelly, Michael",ATH,P,453.73,454,741,,18,,
809,11808,"Bido, Osvaldo",NYY,P,453.74,495,749,,15,,
810,12540,"Drake, Kohl",ARZ,P,453.77,485,743,,14,,
811,12354,"Pratt, Cooper",MLW,SS,453.78,588,750,,15,,
812,12353,"Lee, Hao-Yu",DET,3B,453.83,519,750,,16,,
813,11282,"Feltner, Ryan",COL,P,453.84,546,748,,15,,
814,11949,"Salas, Ethan",SD,C,453.85,407,739,,23,,
815,11467,"Cano, Yennier",BAL,P,453.86,394,738,,18,,
816,11166,"Santos, Gregory",SEA,P,453.87,329,750,,17,,
817,9817,"Whitley, Forrest",TB,P,453.88,518,749,,21,,
818,10135,"Knizner, Andrew",SEA,C,453.88,515,744,,18,,
819,11468,"Silseth, Chase",LAA,P,453.88,529,749,,16,,
820,11383,"Tena, Jose",WAS,3B,453.94,510,750,,15,,
821,5420,"Verlander, Justin",DET,P,453.97,261,669,,877,,
822,9921,"Erceg, Lucas",KC,P,453.99,214,636,,808,,
823,12423,"Poulin, PJ",WAS,P,454,566,747,,17,,
824,11666,"Martinez, Justin",ARZ,P,454.01,450,742,,23,,
825,12167,"Sabrowski, Erik",CLE,P,454.02,506,750,,18,,
826,9547,"Junis, Jakob",TEX,P,454.06,687,750,,14,,
827,10124,"Baddoo, Akil",MLW,OF,454.06,534,750,,16,,
828,12492,"Saiki, Hiroto",FA,P,454.08,397,745,,30,,
829,12033,"Hence, Tink",STL,P,454.15,558,747,,16,,
830,12410,"Granillo, Andre",WAS,P,454.16,570,743,,17,,
831,11680,"Winn, Keaton",SF,P,454.2,511,750,,18,,
832,10380,"Davis, Brennen",CHC,OF,454.22,530,750,,18,,
833,12358,"Rincones Jr., Gabriel",PHI,OF,454.3,574,750,,18,,
834,12454,"Alvarez, Andrew",WAS,P,454.3,407,750,,19,,
835,12225,"Yoho, Craig",MLW,P,454.34,585,747,,17,,
836,9934,"Cortes, Nestor",SD,P,454.39,412,744,,32,,
837,11929,"Jung, Jace",DET,3B,454.42,582,745,,18,,
838,12508,"Murphy, Owen",ATL,P,454.42,540,745,,17,,
839,12207,"Harrington, Thomas",PIT,P,454.57,484,749,,20,,
840,12323,"Sykora, Travis",WAS,P,454.57,392,748,,32,,
841,12178,"Teodosio, Bryce",LAA,OF,454.62,557,750,,18,,
842,11784,"Scholtens, Jesse",TB,P,454.64,646,750,,17,,
843,12506,"De Paula, Josue",LAD,OF,454.65,482,749,,22,,
844,11323,"Velazquez, Nelson",KC,OF,454.67,428,750,,26,,
845,12173,"Lockridge, Brandon",MLW,OF,454.85,512,749,,20,,
846,9644,"Jimenez, Joe",ATL,P,454.87,321,739,,49,,
847,11313,"Lee, Korey",CWS,C,454.96,523,750,,22,,
848,12214,"Kim, Hyeseong",LAD,2B,455,249,603,,782,,
849,10683,"Haggerty, Sam",TEX,OF,455.03,559,745,,21,,
850,9290,"Okert, Steven",HOU,P,455.07,553,747,,23,,
851,12537,"Gonzalez, Gabriel",MIN,OF,455.08,491,746,,21,,
852,12624,"Arroyo, Michael",SEA,2B,455.17,513,744,,25,,
853,10415,"Luciano, Marco",NYY,SS,455.19,591,749,,23,,
854,12051,"Wilken, Brock",MLW,3B,455.19,443,733,,28,,
855,9264,"Candelario, Jeimer",LAA,3B,455.24,546,747,,21,,
856,12497,"Reimer, Jacob",NYM,3B,455.25,522,746,,23,,
857,12637,"Lombard Jr., George",NYY,SS,455.33,463,746,,31,,
858,11970,"Parker, Mitchell",WAS,P,455.36,534,750,,24,,
859,10781,"Espinal, Santiago",LAD,3B,455.37,410,743,,28,,
860,12525,"Stephen, Khal",CLE,P,455.47,579,750,,22,,
861,12208,"Evans, Logan",SEA,P,455.48,498,750,,23,,
862,12394,"Fisher, Braydon",TOR,P,455.6,428,750,,26,,
863,10979,"Ibanez, Andy",ATH,3B,455.7,556,735,,26,,
864,10604,"Mattson, Isaac",PIT,P,455.77,517,750,,24,,
865,12542,"Velazquez , Ralphy",CLE,1B,455.78,610,748,,23,,
866,10857,"Allen, Nick",HOU,SS,455.81,338,748,,30,,
867,8773,"Grichuk, Randal",KC,OF,455.86,556,748,,24,,
868,11377,"Suwinski, Jack",LAD,OF,455.93,554,744,,26,,
869,12304,"Montes, Lazaro",SEA,OF,455.93,475,748,,32,,
870,9725,"Hoskins, Rhys",CLE,1B,456.06,287,597,,787,,
871,9957,"Hicks, Jordan",CWS,P,456.19,455,749,,33,,
872,10109,"Straw, Myles",TOR,OF,456.44,494,749,,30,,
873,12277,"Avila, Luinder",KC,P,456.46,544,745,,39,,
874,11379,"Bautista, Felix",BAL,P,456.48,155,747,,79,,
875,12186,"Henriquez, Edgardo",LAD,P,456.54,491,746,,35,,
876,10574,"Alexander, Jason",HOU,P,456.6,443,750,,29,,
877,10734,"Phillips, Tyler",MIA,P,456.6,320,750,,33,,
878,12221,"Agnos, Zach",COL,P,456.62,353,746,,37,,
879,11620,"McGarry, Griff",WAS,P,456.67,469,749,,30,,
880,11987,"Miller, Erik",SF,P,456.76,406,750,,36,,
881,11938,"Thompson, Sterlin",COL,OF,456.81,528,748,,31,,
882,7791,"Perez, Martin",CWS,P,456.84,564,746,,30,,
883,11266,"Latz, Jacob",TEX,P,456.9,245,639,,813,,
884,11978,"Mena, Cristian",ARZ,P,456.95,601,750,,30,,
885,10295,"Pearson, Nate",HOU,P,457.09,470,748,,39,,
886,10877,"Williamson, Brandon",CIN,P,457.11,408,742,,47,,
887,11552,"Little, Brendon",TOR,P,457.14,350,749,,38,,
888,10293,"Melendez, MJ",NYM,OF,457.16,512,750,,33,,
889,12374,"Tolbert, Tyler",KC,OF,457.3,291,745,,46,,
890,12121,"Orze, Eric",MIN,P,457.31,542,750,,31,,
891,12122,"Bigge, Hunter",TB,P,457.31,552,750,,32,,
892,10247,"Rodriguez, Johnathan",CLE,OF,457.32,608,748,,30,,
893,8950,"Arcia, Orlando",COL,"2B, 3B, SS",457.33,257,741,,38,,
894,12502,"Baez, Joshua",STL,OF,457.33,306,710,,696,,
895,12607,"Baumler, Carter",TEX,P,457.33,446,747,,41,,
896,6696,"McCutchen, Andrew",PIT,UT,457.47,522,748,,39,,
897,11427,"Schuemann, Max",NYY,"2B, 3B, SS",457.58,536,750,,33,,
898,12005,"Drohan, Shane",MLW,P,457.61,328,750,,40,,
899,12332,"Morgan, Tre'",TB,1B,457.7,438,749,,35,,
900,10520,"Call, Alex",LAD,OF,457.82,585,749,,35,,
901,11961,"Montero, Keider",DET,P,457.88,535,747,,36,,
902,10274,"Taveras, Leody",BAL,OF,457.94,630,750,,35,,
903,11945,"Teodo, Emiliano",TEX,P,457.94,519,749,,38,,
904,10112,"Means, John",CLE,P,458.11,499,744,,52,,
905,12505,"Arnold, Jamie",ATH,P,458.15,511,747,,43,,
906,11994,"Corniell, Jose",TEX,P,458.3,471,750,,46,,
907,10230,"Kelenic, Jarred",ATL,OF,458.36,50,750,,41,,
908,11926,"House, Brady",WAS,3B,458.41,275,595,,803,,
909,10501,"Herget, Jimmy",COL,P,458.61,450,750,,43,,
910,12049,"Locklear, Tyler",ARZ,1B,458.62,491,750,,45,,
911,9937,"Fernandez, Julian",WAS,P,458.63,433,750,,40,,
912,12368,"Johnson, Ryan",LAA,P,458.76,520,750,,38,,
913,12500,"Davalillo, David",TEX,P,458.76,583,749,,37,,
914,11933,"Lowder, Rhett",CIN,P,458.88,263,676,,864,,
915,12611,"Bremner, Tyler",FA,P,458.89,457,747,,48,,
916,12296,"Dreyer, Jack",LAD,P,458.91,432,750,,44,,
917,12155,"Sweeney, Trey",DET,SS,458.95,487,746,,46,,
918,8756,"Treinen, Blake",LAD,P,459,469,750,,46,,
919,8645,"Johnson, Pierce",CIN,P,459.02,505,748,,44,,
920,12538,"Long, Jonathon",CHC,1B,459.03,511,749,,44,,
921,9782,"Jimenez, Eloy",BAL,UT,459.1,396,749,,63,,
922,9897,"Loaisiga, Jonathan",NYY,P,459.16,553,750,,42,,
923,9965,"McKenzie, Triston",CLE,P,459.21,414,749,,52,,
924,12595,"Troy, Tommy",ARZ,2B,459.27,490,748,,45,,
925,9677,"Maton, Phil",CHC,P,459.3,275,663,,741,,
926,11395,"Faucher, Calvin",MIA,P,459.32,135,709,,741,,
927,11165,"Bazardo, Eduard",SEA,P,459.39,421,746,,45,,
928,12522,"Perez, Junior",ATH,OF,459.39,448,746,,47,,
929,11773,"Brito, Juan",CLE,2B,459.65,575,749,,45,,
930,11130,"Francis, Bowden",TOR,P,459.69,491,749,,48,,
931,9800,"Burnes, Corbin",ARZ,P,459.82,70,727,,756,,
932,8679,"Smith, Dominic",SF,1B,459.91,426,749,,59,,
933,11090,"Paris, Kyren",LAA,OF,459.94,566,749,,43,,
934,12428,"Freeman, Cody",TEX,2B,460,480,749,,48,,
935,11193,"Wells, Tyler",BAL,P,460.05,309,711,,756,,
936,11205,"Bender, Anthony",MIA,P,460.28,440,749,,52,,
937,10253,"Miranda, Jose",MIN,3B,460.29,411,747,,59,,
938,11662,"Ferrer, Jose A.",SEA,P,460.49,158,740,,721,,
939,12495,"Bolte, Henry",ATH,OF,460.59,504,750,,52,,
940,8272,"Corbin, Patrick",TEX,P,460.74,498,750,,60,,
941,11157,"Gomez, Yoendrys",TB,P,460.95,543,745,,52,,
942,11489,"Koenig, Jared",MLW,P,461.12,528,745,,57,,
943,12129,"Alvarez Jr., Nacho",ATL,3B,461.25,435,748,,59,,
944,12206,"Maxwell, Zach",CIN,P,461.45,537,749,,55,,
945,11459,"Holton, Tyler",DET,P,461.49,262,750,,69,,
946,12477,"Waldschmidt, Ryan",ARZ,OF,461.55,220,713,,751,,
947,11916,"Rodriguez, Yariel",TOR,P,461.57,490,749,,54,,
948,11297,"Brash, Matt",SEA,P,461.6,253,613,,739,,
949,12546,"White, Josh",MIA,P,461.67,495,750,,58,,
950,12427,"Cortes, Carlos",ATH,OF,461.72,513,750,,56,,
951,11064,"Marchan, Rafael",PHI,C,461.88,504,750,,67,,
952,11597,"Harrison, Kyle",MLW,P,461.9,251,724,,837,,
953,11779,"Feduccia, Hunter",TB,C,461.94,537,749,,69,,
954,12216,"Bazzana, Travis",CLE,2B,462.07,247,640,,730,,
955,10114,"Taylor, Tyrone",NYM,OF,462.17,511,750,,60,,
956,12631,"Antonacci, Sam",CWS,2B,462.23,436,749,,73,,
957,9470,"Higashioka, Kyle",TEX,C,462.36,286,633,,774,,
958,11847,"Wicks, Jordan",CHC,P,462.38,450,750,,77,,
959,10821,"White, Eli",ATL,OF,462.47,441,750,,69,,
960,12164,"Zeferjahn, Ryan",LAA,P,462.73,525,748,,65,,
961,9734,"Minter, A.J.",NYM,P,463.03,323,750,,74,,
962,12536,"Wenninger, Jack",NYM,P,463.45,393,750,,70,,
963,11762,"Flores Jr., Rafael",PIT,1B,463.55,282,744,,73,,
964,12519,"Crow, Coleman",MLW,P,463.65,549,749,,70,,
965,10223,"Jones, Jahmai",DET,OF,463.81,526,749,,79,,
966,12290,"Acosta, Maximo",MIA,3B,463.84,537,747,,71,,
967,10691,"Heineman, Tyler",TOR,C,463.85,398,750,,82,,
968,12145,"Dezenzo, Zach",HOU,OF,464,422,750,,70,,
969,12045,"Petty, Chase",CIN,P,464.1,512,749,,72,,
970,9706,"Kittredge, Andrew",BAL,P,464.23,217,738,,658,,
971,9175,"Houser, Adrian",SF,P,464.38,291,688,,802,,
972,11148,"Sugano, Tomoyuki",COL,P,464.45,433,750,,86,,
973,12514,"Valdez, Esmerlyn",PIT,OF,464.48,444,750,,84,,
974,9172,"Kepler, Max",PHI,OF,464.5,426,750,,144,,
975,11400,"Butto, Jose",SF,P,464.53,441,747,,78,,
976,12518,"Alderman, Kemp",MIA,OF,464.85,417,749,,79,,
977,12008,"Slaten, Justin",BOS,P,464.98,406,750,,74,,
978,10245,"Bart, Joey",PIT,C,465,118,599,,770,,
979,10531,"Rogers, Jake",DET,C,465.16,435,749,,81,,
980,12528,"Torres, Bryan",STL,OF,465.18,450,747,,73,,
981,7736,"Marte, Starling",KC,UT,465.25,362,749,,98,,
982,9719,"Fedde, Erick",CWS,P,465.25,370,749,,88,,
983,11890,"Black, Tyler",MLW,1B,465.3,376,749,,97,,
984,9819,"Mikolas, Miles",WAS,P,465.39,446,747,,107,,
985,11204,"Mitchell, Garrett",MLW,OF,465.42,232,670,,789,,
986,8686,"Austin, Tyler",CHC,1B,465.69,502,750,,82,,
987,8126,"Goldschmidt, Paul",NYY,1B,465.73,177,668,,783,,
988,9938,"Kinley, Tyler",ATL,P,465.73,363,749,,97,,
989,12213,"Bradfield, Enrique",BAL,OF,465.73,496,749,,91,,
990,11874,"Fitzgerald, Tyler",SF,2B,465.96,427,748,,82,,
991,12046,"Melton, Jacob",TB,OF,465.96,261,707,,734,,
992,12128,"Baldwin, Brooks",CWS,OF,466.1,269,744,,727,,
993,9519,"Stanek, Ryne",STL,P,466.19,418,749,,95,,
994,11073,"Miller, Bobby",LAD,P,466.38,418,749,,81,,
995,10197,"Pereira, Everson",CWS,OF,466.48,389,750,,86,,
996,11975,"Mejia, Juan",COL,P,466.57,406,749,,87,,
997,12219,"Fernandez, Yanquiel",NYY,OF,466.66,442,747,,100,,
998,12273,"Strowd, Kade",ARZ,P,466.91,349,750,,121,,
999,10262,"Hayes, Ke'Bryan",CIN,3B,467.01,324,599,,763,,
1000,12301,"Muncy, Max",ATH,"2B, 3B",467.05,265,596,,807,,
1001,10356,"Freeman, Tyler",COL,OF,467.09,277,623,,745,,
1002,12111,"King, Bryan",HOU,P,467.24,242,749,,102,,
1003,8418,"Walker, Taijuan",PHI,P,467.27,398,750,,122,,
1004,11904,"Vasil, Mike",CWS,P,467.35,501,750,,88,,
1005,11172,"Zerpa, Angel",MLW,P,467.45,546,750,,87,,
1006,11780,"Chaparro, Andres",WAS,1B,468.03,491,750,,97,,
1007,9646,"Montgomery, Jordan",TEX,P,468.1,472,750,,97,,
1008,12348,"Susana, Jarlin",WAS,P,468.13,402,750,,97,,
1009,8941,"Freeland, Kyle",COL,P,468.15,450,750,,151,,
1010,12171,"Dana, Caden",LAA,P,468.23,448,750,,94,,
1011,8170,"Hendriks, Liam",BOS,P,468.31,334,750,,122,,
1012,11850,"Funderburk, Kody",MIN,P,468.43,348,750,,107,,
1013,12030,"Rodriguez, Hector",CIN,OF,468.6,384,750,,111,,
1014,12137,"McGreevy, Michael",STL,P,468.84,273,622,,816,,
1015,11856,"Saalfrank, Andrew",ARZ,P,468.85,265,750,,267,,
1016,10200,"Arias, Gabriel",CLE,"2B, SS",468.86,326,603,,760,,
1017,11980,"Hodge, Porter",CHC,P,469.06,457,750,,99,,
1018,9880,"Tellez, Rowdy",TEX,1B,469.31,439,748,,110,,
1019,11651,"Bernabel, Warming",COL,1B,469.42,492,750,,114,,
1020,12503,"Susac, Daniel",SF,C,469.43,340,750,,103,,
1021,11941,"Bliss, Ryan",SEA,2B,469.54,454,750,,104,,
1022,12626,"Rumfield, T.J.",COL,1B,470.01,230,749,,236,,
1023,9387,"Frazier, Adam",KC,"2B, OF",470.4,371,750,,128,,
1024,11156,"Peraza, Oswald",LAA,3B,470.42,407,750,,112,,
1025,10167,"Winn, Cole",TEX,P,470.6,281,750,,121,,
1026,8748,"Martinez, Nick",TB,P,470.64,291,728,,815,,
1027,10165,"Schmidt, Clarke",NYY,P,470.86,506,749,,120,,
1028,10873,"Hancock, Emerson",SEA,P,471.03,313,749,,176,,
1029,11776,"Fermin, Jose",STL,2B,471.07,523,750,,109,,
1030,11080,"Toglia, Michael",COL,1B,471.2,307,749,,141,,
1031,11584,"Rodriguez, Endy",PIT,1B,471.38,455,748,,127,,
1032,12488,"Briceno, Josue",DET,C,471.48,380,750,,136,,
1033,9295,"Marquez, German",SD,P,471.76,343,750,,154,,
1034,8919,"Pham, Tommy",PIT,OF,471.79,483,746,,119,,
1035,9698,"Tauchman, Mike",CWS,OF,471.8,359,750,,124,,
1036,11719,"Perkins, Blake",MLW,OF,471.86,460,748,,114,,
1037,10309,"Smith, Pavin",ARZ,1B,471.95,226,599,,752,,
1038,12511,"Anderson, Max",DET,2B,471.95,442,749,,140,,
1039,11262,"Pozo, Yohel",STL,C,472.19,440,750,,124,,
1040,8835,"Hernandez, Enrique",LAD,"1B, 3B, OF",472.23,521,750,,113,,
1041,12493,"Pecko, Ethan",HOU,P,472.25,522,750,,120,,
1042,8211,"d'Arnaud, Travis",LAA,C,472.35,388,750,,121,,
1043,9894,"Estrada, Thairo",COL,2B,472.42,399,750,,146,,
1044,9828,"Wynns, Austin",ATH,C,472.76,453,750,,124,,
1045,11984,"Perales, Luis",WAS,P,472.95,456,749,,127,,
1046,9923,"Barlow, Scott",ATH,P,473.38,359,750,,152,,
1047,12040,"Jenkins, Walker",MIN,OF,473.54,303,675,,690,,
1048,12461,"Cole, Zach",HOU,OF,473.68,223,629,,714,,
1049,11905,"Johnston, Troy",COL,OF,473.8,326,614,,688,,
1050,10187,"Hall, DL",MLW,P,474.09,475,750,,116,,
1051,10960,"Thompson, Ryan",ARZ,P,474.18,398,750,,174,,
1052,11615,"De Los Santos, Deyvison",MIA,1B,474.2,532,750,,132,,
1053,11943,"Hicks, Liam",MIA,"1B, C",474.34,305,617,,756,,
1054,10203,"Lux, Gavin",TB,OF,474.48,314,694,,752,,
1055,12232,"Prielipp, Connor",MIN,P,474.54,432,750,,137,,
1056,12189,"Condon, Charlie",COL,1B,475.03,231,710,,743,,
1057,12487,"Doyle, Liam",STL,P,475.59,377,750,,161,,
1058,10926,"Espino, Daniel",CLE,P,475.63,424,750,,145,,
1059,11592,"Julien, Edouard",COL,"1B, 2B",475.74,297,750,,621,,
1060,12498,"Johnson, Ty",TB,P,476.09,514,750,,134,,
1061,12475,"Clifford, Ryan",NYM,1B,476.14,338,750,,159,,
1062,11755,"Burke, Sean",CWS,P,476.49,325,634,,753,,
1063,12307,"Ward, Ryan",LAD,OF,476.6,398,750,,148,,
1064,11988,"Teng, Kai-Wei",HOU,P,476.88,430,750,,163,,
1065,8689,"Matz, Steven",TB,P,477.12,301,749,,737,,
1066,12377,"Williamson, Ben",TB,3B,477.62,516,749,,155,,
1067,12435,"Kayfus, CJ",CLE,OF,477.78,331,693,,623,,
1068,7538,"Flores, Wilmer",SF,1B,477.81,393,750,,185,,
1069,12501,"Rodriguez, Jesus",SF,C,477.87,543,749,,149,,
1070,10246,"Wentz, Joey",ATL,P,477.89,339,750,,194,,
1071,10976,"Irvin, Jake",WAS,P,477.95,301,749,,188,,
1072,8929,"Refsnyder, Rob",SEA,OF,478.43,487,749,,157,,
1073,11754,"Joyce, Ben",LAA,P,478.67,280,682,,686,,
1074,10645,"Urquidy, Jose",PIT,P,478.73,383,747,,187,,
1075,6837,"Scherzer, Max",TOR,P,478.92,275,706,,784,,
1076,10524,"Akin, Keegan",BAL,P,479.08,317,750,,210,,
1077,10880,"Pages, Pedro",STL,C,479.39,304,727,,738,,
1078,8768,"Martin, Chris",TEX,P,479.42,281,735,,578,,
1079,12512,"Bratt, Mitch",ARZ,P,479.71,476,750,,160,,
1080,12169,"Halvorsen, Seth",COL,P,479.97,240,738,,610,,
1081,12047,"Jones, Spencer",NYY,OF,480.01,267,746,,701,,
1082,10833,"Martin, Austin",MIN,OF,480.02,350,718,,595,,
1083,12392,"Tidwell, Blade",SF,P,480.05,459,750,,171,,
1084,11331,"Veen, Zac",COL,OF,480.12,280,730,,640,,
1085,12280,"Dobbins, Hunter",STL,P,480.25,335,749,,179,,
1086,12592,"Song, Sung-Mun",SD,3B,480.34,239,738,,587,,
1087,12352,"Made, Jesus",MLW,SS,480.68,313,750,,230,,
1088,10161,"Paddack, Chris",MIA,P,480.9,315,750,,282,,
1089,9549,"Garver, Mitch",SEA,C,480.92,368,750,,182,,
1090,11923,"Williams, Jett",MLW,SS,480.96,244,722,,689,,
1091,11547,"Assad, Javier",CHC,P,481.02,418,750,,170,,
1092,7514,"Santana, Carlos",ARZ,1B,481.3,395,745,,300,,
1093,12355,"Matthews, Brice",HOU,2B,481.6,243,694,,451,,
1094,12440,"Gilbert, Drew",SF,OF,482.16,446,750,,197,,
1095,9977,"Mountcastle, Ryan",BAL,1B,482.19,326,639,,680,,
1096,9524,"Mateo, Jorge",ATL,SS,482.25,367,747,,225,,
1097,10842,"Lee, Dylan",ATL,P,482.25,331,750,,187,,
1098,11350,"Diaz, Alexis",TEX,P,483.13,234,748,,599,,
1099,12378,"Fulford, Braxton",COL,C,483.32,347,750,,213,,
1100,12199,"Thomas, Colby",ATH,OF,483.4,341,725,,425,,
1101,11145,"Yorke, Nick",PIT,2B,483.63,408,750,,204,,
1102,8632,"Rodriguez, Eduardo",ARZ,P,483.7,310,694,,761,,
1103,9936,"Keller, Brad",PHI,P,483.74,258,721,,668,,
1104,11965,"Amador, Adael",COL,2B,483.76,336,750,,386,,
1105,10318,"Mauricio, Ronny",NYM,3B,483.94,315,669,,533,,
1106,12144,"Del Castillo, Adrian",ARZ,UT,484.11,411,750,,247,,
1107,12340,"Alvarado, Elvis",ATH,P,484.44,350,749,,221,,
1108,11743,"Schmitt, Casey",SF,"2B, 3B",484.47,336,685,,623,,
1109,9792,"Puk, A.J.",ARZ,P,484.5,346,748,,412,,
1110,11650,"Harris, Hogan",ATH,P,484.51,242,747,,568,,
1111,10425,"Palacios, Richie",TB,OF,484.57,398,742,,276,,
1112,8979,"Moncada, Yoan",LAA,3B,484.61,163,740,,704,,
1113,12183,"Rocker, Kumar",TEX,P,484.62,305,644,,734,,
1114,12249,"Young, Cole",SEA,2B,484.73,325,748,,681,,
1115,12034,"Crim, Blaine",COL,1B,484.95,430,749,,232,,
1116,12210,"Roden, Alan",MIN,OF,485.22,418,749,,204,,
1117,10748,"Griffin, Foster",WAS,P,485.41,155,733,,713,,
1118,12415,"Fuentes, Didier",ATL,P,485.6,270,750,,303,,
1119,12403,"Hernandez, Heriberto",MIA,OF,485.61,351,734,,530,,
1120,11935,"Brown, Ben",CHC,P,485.73,271,676,,672,,
1121,11038,"Gonzales, Nick",PIT,2B,485.85,306,739,,601,,
1122,12445,"Peguero, Joel",SF,P,485.95,391,747,,246,,
1123,12346,"Walcott, Sebastian",TEX,SS,486.01,353,744,,381,,
1124,12521,"Montgomery, Braden",CWS,OF,486.03,407,750,,235,,
1125,10485,"France, Ty",TOR,1B,486.15,386,750,,223,,
1126,10210,"Conine, Griffin",MIA,OF,486.19,308,730,,600,,
1127,11605,"Tiedemann, Ricky",TOR,P,486.19,448,749,,254,,
1128,10839,"Encarnacion, Jerar",SF,OF,486.24,325,750,,200,,
1129,12124,"Wrobleski, Justin",LAD,P,486.37,263,748,,660,,
1130,11910,"Ryan, River",LAD,P,486.65,268,745,,725,,
1131,11399,"Outman, James",MIN,OF,486.72,392,750,,210,,
1132,10406,"Alcantara, Kevin",CHC,OF,486.79,372,750,,228,,
1133,9779,"Kopech, Michael",LAD,P,486.93,267,747,,324,,
1134,12329,"Rodriguez, Elmer",NYY,P,487,334,672,,655,,
1135,12161,"Ginn, J.T.",ATH,P,487.37,322,675,,568,,
1136,12300,"Osuna, Alejandro",TEX,OF,487.38,464,750,,231,,
1137,9648,"Leiter Jr., Mark",ATH,P,487.46,251,715,,570,,
1138,9807,"Yarbrough, Ryan",NYY,P,487.47,379,749,,230,,
1139,11645,"Hamilton, David",MLW,2B,487.47,314,750,,363,,
1140,11820,"Myers, Dane",CIN,OF,487.51,356,750,,212,,
1141,10445,"Urias, Ramon",STL,"2B, 3B",487.52,463,748,,212,,
1142,12299,"De Vries, Leodalis",ATH,SS,487.56,314,750,,289,,
1143,11912,"Scott, Christian",NYM,P,487.77,346,690,,673,,
1144,10142,"Alexander, Blaze",BAL,3B,487.88,351,702,,692,,
1145,11678,"Matos, Luis",SF,OF,488.09,391,746,,284,,
1146,11375,"Weiss, Ryan",HOU,P,488.12,310,749,,628,,
1147,11046,"Hassell III, Robert",WAS,OF,488.47,342,745,,324,,
1148,12489,"Ingle, Cooper",CLE,C,488.51,457,749,,255,,
1149,11154,"Morel, Christopher",MIA,OF,488.54,331,735,,715,,
1150,9124,"Rea, Colin",CHC,P,488.55,307,708,,620,,
1151,10296,"Lowe, Nathaniel",BOS,1B,488.56,251,738,,584,,
1152,12196,"Smith, Hagen",CWS,P,488.6,404,750,,230,,
1153,11771,"Kjerstad, Heston",BAL,OF,488.66,447,750,,242,,
1154,11822,"Leahy, Kyle",STL,P,488.77,266,695,,684,,
1155,11924,"Povich, Cade",BAL,P,488.85,329,750,,633,,
1156,12444,"Church, Nathan",STL,OF,488.86,400,750,,269,,
1157,10304,"Jones, Nolan",CLE,OF,488.98,401,749,,237,,
1158,11863,"Gipson-Long, Sawyer",DET,P,489.05,338,750,,330,,
1159,12486,"Gibson, Trey",BAL,P,489.12,459,749,,249,,
1160,10499,"Lawrence, Justin",PIT,P,489.15,428,750,,221,,
1161,10193,"Ruiz, Esteury",MIA,OF,489.21,351,738,,332,,
1162,11797,"Monasterio, Andruw",BOS,SS,489.24,462,750,,269,,
1163,10259,"Gray, Josiah",WAS,P,489.27,339,749,,250,,
1164,10694,"Kay, Anthony",CWS,P,489.27,312,732,,558,,
1165,11681,"DeLuca, Jonny",TB,OF,489.47,322,749,,353,,
1166,12009,"Kolek, Stephen",KC,P,489.62,322,749,,322,,
1167,12491,"Lagrange, Carlos",NYY,P,489.65,178,750,,323,,
1168,10408,"Isbel, Kyle",KC,OF,489.71,399,750,,248,,
1169,10209,"Canning, Griffin",SD,P,489.82,376,749,,285,,
1170,11954,"Pauley, Graham",MIA,3B,489.83,288,746,,396,,
1171,8688,"Pederson, Joc",TEX,UT,489.92,361,706,,480,,
1172,12159,"Casparius, Ben",LAD,P,489.94,449,748,,266,,
1173,12450,"Crooks, Jimmy",STL,C,490.08,271,748,,429,,
1174,11587,"Stone, Gavin",LAD,P,490.09,351,749,,260,,
1175,11423,"Henry, Cole",WAS,P,490.12,296,750,,366,,
1176,11624,"Gelof, Zack",ATH,2B,490.15,341,744,,600,,
1177,10444,"Moore, Dylan",TEX,"2B, OF",490.16,454,750,,244,,
1178,9788,"Bauers, Jake",MLW,"OF, 1B",490.17,326,722,,598,,
1179,10705,"Heim, Jonah",ATL,C,490.2,302,728,,536,,
1180,11364,"Sands, Cole",MIN,P,490.22,316,719,,630,,
1181,12439,"Karros, Kyle",COL,3B,490.34,349,737,,402,,
1182,11855,"Phillips, Connor",CIN,P,490.4,330,750,,335,,
1183,11637,"Lukes, Nathan",TOR,OF,490.47,323,701,,679,,
1184,11920,"Hernaiz, Darell",ATH,"3B, SS",490.52,473,750,,253,,
1185,12345,"Perkins, Jack",ATH,P,490.97,313,738,,487,,
1186,8633,"Harvey, Hunter",CHC,P,491.07,316,750,,591,,
1187,11956,"Whisenhunt, Carson",SF,P,491.12,421,750,,261,,
1188,11370,"Duran, Ezequiel",TEX,"1B, SS",491.13,493,750,,264,,
1189,11223,"Vierling, Matt",DET,OF,491.16,317,748,,381,,
1190,12026,"Birdsong, Hayden",SF,P,491.18,374,750,,377,,
1191,12338,"Kemp, Otto",PHI,3B,491.31,386,749,,335,,
1192,11531,"Grissom, Vaughn",LAA,2B,491.37,331,747,,413,,
1193,12177,"Sanoja, Javier",MIA,"2B, 3B, OF",491.5,333,706,,683,,
1194,11736,"Encarnacion-Strand, Christian",CIN,1B,491.52,343,742,,392,,
1195,10764,"Raley, Luke",SEA,"1B, OF",491.54,372,731,,626,,
1196,10838,"Bleday, JJ",CIN,OF,491.6,51,741,,598,,
1197,12406,"Ritter, Ryan",COL,"2B, SS",491.66,407,749,,332,,
1198,11677,"Vasquez, Randy",SD,P,491.69,265,750,,510,,
1199,10126,"Thomas, Alek",ARZ,OF,491.7,231,636,,660,,
1200,11952,"Loperfido, Joey",HOU,OF,491.93,294,748,,409,,
1201,12496,"Rada, Nelson",LAA,OF,491.94,339,750,,262,,
1202,10955,"Walls, Taylor",TB,SS,492.15,417,746,,358,,
1203,11283,"Crawford, Kutter",BOS,P,492.19,244,741,,490,,
1204,11986,"McDonald, Trevor",SF,P,492.26,359,750,,398,,
1205,11629,"Yoshida, Masataka",BOS,UT,492.27,316,735,,435,,
1206,9583,"Anderson, Drew",DET,P,492.29,355,744,,421,,
1207,12473,"Ritchie, JR",ATL,P,492.34,246,739,,616,,
1208,11424,"Varland, Louis",TOR,P,492.4,244,747,,629,,
1209,8897,"McCann, James",ARZ,C,492.45,417,749,,287,,
1210,12389,"Blubaugh, AJ",HOU,P,492.48,350,743,,457,,
1211,11902,"Festa, David",MIN,P,492.53,351,750,,321,,
1212,11126,"Topa, Justin",MIN,P,492.63,353,750,,358,,
1213,11895,"Saggese, Thomas",STL,"2B, SS",492.67,337,706,,669,,
1214,11043,"Campusano, Luis",SD,UT,492.79,305,750,,308,,
1215,12231,"Freeland, Alex",LAD,3B,492.84,412,750,,287,,
1216,11810,"Mlodzinski, Carmen",PIT,P,492.89,403,749,,498,,
1217,11838,"Schneider, Davis",TOR,"2B, OF",493,324,741,,466,,
1218,8947,"Newcomb, Sean",CWS,P,493.08,450,750,,312,,
1219,10225,"Fraley, Jake",TB,OF,493.25,421,731,,434,,
1220,9892,"Soto, Gregory",PIT,P,493.3,271,739,,552,,
1221,11516,"Massey, Michael",KC,2B,493.32,328,748,,293,,
1222,11280,"Junk, Janson",MIA,P,493.34,336,748,,359,,
1223,11442,"Pallante, Andre",STL,P,493.38,438,750,,292,,
1224,11745,"Gasser, Robert",MLW,P,493.52,358,699,,586,,
1225,12250,"Tawa, Tim",ARZ,"1B, OF, 2B",493.58,343,668,,621,,
1226,12476,"Culpepper, Kaelen",MIN,SS,493.6,467,750,,310,,
1227,12367,"Clark, Max",DET,OF,493.63,333,731,,575,,
1228,9500,"Rosario, Amed",NYY,3B,493.66,450,748,,266,,
1229,12014,"Fitts, Richard",STL,P,493.69,290,747,,647,,
1230,12279,"Garcia, Jhostynxon",PIT,OF,493.69,287,733,,642,,
1231,10688,"Speier, Gabe",SEA,P,493.74,336,750,,299,,
1232,12131,"Hopkins, Brody",TB,P,493.93,467,750,,259,,
1233,11675,"Martinez, Angel",CLE,"2B, OF",494.09,320,718,,448,,
1234,11742,"Davis, Henry",PIT,C,494.14,299,718,,637,,
1235,12181,"Wagaman, Eric",MIN,"1B, OF",494.14,286,746,,373,,
1236,9862,"Trevino, Jose",CIN,C,494.22,420,746,,289,,
1237,11606,"Mead, Curtis",CWS,"1B, 3B",494.37,434,750,,308,,
1238,12220,"Klassen, George",LAA,P,494.45,408,750,,294,,
1239,10362,"Benson, Will",CIN,OF,494.57,443,749,,312,,
1240,8212,"Sanchez, Gary",MLW,C,494.58,395,750,,379,,
1241,9600,"Torrens, Luis",NYM,C,494.58,363,748,,286,,
1242,8895,"Garcia, Yimi",TOR,P,494.6,343,749,,309,,
1243,11401,"Sears, JP",SD,P,494.6,343,747,,500,,
1244,8954,"Conforto, Michael",CHC,OF,494.64,459,749,,296,,
1245,11906,"Quero, Jeferson",MLW,C,494.73,142,749,,435,,
1246,12485,"Ortiz, Abimelec",WAS,1B,494.87,416,750,,394,,
1247,10234,"Jackson, Jeremiah",BAL,OF,495.01,242,750,,394,,
1248,9028,"Lorenzen, Michael",COL,P,495.3,320,750,,338,,
1249,10640,"Civale, Aaron",ATH,P,495.71,425,750,,394,,
1250,11792,"Bradford, Cody",TEX,P,495.72,400,748,,388,,
1251,12288,"Bergert, Ryan",KC,P,495.78,341,747,,459,,
1252,12369,"Lord, Brad",WAS,P,496.03,387,750,,386,,
1253,10345,"Myers, Tobias",NYM,P,496.07,387,729,,387,,
1254,10024,"Lauer, Eric",TOR,P,496.25,240,724,,516,,
1255,11289,"Fortes, Nick",TB,C,496.25,382,747,,497,,
1256,11990,"Rodriguez, Emmanuel",MIN,OF,496.28,267,750,,485,,
1257,10205,"Valera, George",CLE,UT,496.29,316,746,,390,,
1258,10308,"Sandoval, Patrick",BOS,P,496.35,309,750,,322,,
1259,12098,"Schneemann, Daniel",CLE,"2B, 3B, OF",496.35,431,749,,354,,
1260,10725,"Rogers, Tyler",TOR,P,496.6,247,747,,506,,
1261,11417,"Ashcraft, Graham",CIN,P,497.06,336,750,,315,,
1262,9863,"Kiner-Falefa, Isiah",BOS,"3B, SS",497.09,309,713,,650,,
1263,11470,"Martin, Davis",CWS,P,497.14,306,749,,393,,
1264,8659,"McCullers Jr., Lance",HOU,P,497.7,389,738,,391,,
1265,10025,"Adam, Jason",SD,P,497.78,348,750,,325,,
1266,11403,"Jameson, Drey",ARZ,P,497.83,344,748,,370,,
1267,9205,"Strahm, Matt",KC,P,497.99,257,746,,684,,
1268,11789,"Fry, David",CLE,UT,497.99,329,749,,358,,
1269,12517,"McDougal, Tanner",CWS,P,498.18,352,747,,316,,
1270,11528,"Gaddis, Hunter",CLE,P,498.56,315,748,,569,,
1271,8189,"Pomeranz, Drew",LAA,P,498.63,306,749,,406,,
1272,10518,"Romano, Jordan",LAA,P,498.75,268,737,,534,,
1273,12481,"Wiggins, Jaxon",CHC,P,498.81,399,750,,406,,
1274,8280,"Quintana, Jose",COL,P,498.92,284,749,,371,,
1275,9123,"Armstrong, Shawn",CLE,P,499.38,173,750,,547,,
1276,9557,"Sosa, Edmundo",PHI,"2B, 3B",499.56,356,733,,558,,
1277,11846,"Young, Jacob",WAS,OF,500.02,345,748,,464,,
1278,10372,"Ashby, Aaron",MLW,P,500.04,295,714,,662,,
1279,11307,"Elder, Bryce",ATL,P,500.24,291,750,,557,,
1280,10853,"Baker, Bryan",TB,P,500.56,301,750,,381,,
1281,12360,"Barco, Hunter",PIT,P,500.58,294,743,,542,,
1282,11412,"Allen, Logan",CLE,P,500.89,387,749,,421,,
1283,10937,"Wong, Connor",BOS,C,501.1,335,749,,413,,
1284,8807,"Rojas, Miguel",LAD,"3B, 2B, SS",501.73,438,748,,455,,
1285,11876,"Kerkering, Orion",PHI,P,501.75,328,749,,337,,
1286,12192,"Mathews, Quinn",STL,P,501.81,376,744,,570,,
1287,12484,"Jump, Gage",ATH,P,502.17,296,750,,410,,
1288,9764,"Buehler, Walker",PHI,P,502.49,284,750,,461,,
1289,11557,"Cruz, Fernando",NYY,P,503,325,746,,364,,
1290,11621,"Montgomery, Mason",PIT,P,503.76,325,750,,431,,
1291,10784,"Vesia, Alex",LAD,P,503.79,321,748,,476,,
1292,9515,"Alvarado, Jose",PHI,P,503.94,282,750,,453,,
1293,12483,"Anderson, Kade",SEA,P,504.46,396,749,,471,,
1294,12209,"Dollander, Chase",COL,P,504.58,330,744,,655,,
1295,10854,"Manoah, Alek",LAA,P,505.19,328,745,,492,,
1296,12197,"Schultz, Noah",CWS,P,507.48,383,750,,453,,